DESCRIPTION,household_key,CAMPAIGN
TypeA,17,26
TypeA,27,26
TypeA,212,26
TypeA,208,26
TypeA,192,26
TypeA,187,26
TypeA,183,26
TypeA,142,26
TypeA,140,26
TypeA,134,26
TypeA,131,26
TypeA,2492,26
TypeA,2482,26
TypeA,2478,26
TypeA,2459,26
TypeA,2452,26
TypeA,2451,26
TypeA,2448,26
TypeA,2445,26
TypeA,2443,26
TypeA,2427,26
TypeA,2420,26
TypeA,2410,26
TypeA,2407,26
TypeA,2391,26
TypeA,2384,26
TypeA,2371,26
TypeA,2334,26
TypeA,2331,26
TypeA,2328,26
TypeA,2324,26
TypeA,2319,26
TypeA,2318,26
TypeA,2317,26
TypeA,2307,26
TypeA,2305,26
TypeA,2295,26
TypeA,2280,26
TypeA,2274,26
TypeA,2263,26
TypeA,2262,26
TypeA,2258,26
TypeA,2251,26
TypeA,2244,26
TypeA,2240,26
TypeA,2228,26
TypeA,2224,26
TypeA,2223,26
TypeA,2215,26
TypeA,2213,26
TypeA,2208,26
TypeA,2203,26
TypeA,2200,26
TypeA,2194,26
TypeA,2193,26
TypeA,2185,26
TypeA,2182,26
TypeA,2069,26
TypeA,2063,26
TypeA,2062,26
TypeA,2058,26
TypeA,2051,26
TypeA,2050,26
TypeA,2044,26
TypeA,2039,26
TypeA,1634,26
TypeA,1633,26
TypeA,1622,26
TypeA,1613,26
TypeA,1607,26
TypeA,1590,26
TypeA,1584,26
TypeA,1579,26
TypeA,1569,26
TypeA,1558,26
TypeA,1551,26
TypeA,1549,26
TypeA,1544,26
TypeA,1542,26
TypeA,1536,26
TypeA,1528,26
TypeA,1527,26
TypeA,1512,26
TypeA,1502,26
TypeA,1490,26
TypeA,1485,26
TypeA,1476,26
TypeA,1463,26
TypeA,1460,26
TypeA,1452,26
TypeA,1426,26
TypeA,1421,26
TypeA,1420,26
TypeA,1405,26
TypeA,1393,26
TypeA,1391,26
TypeA,1388,26
TypeA,1385,26
TypeA,1382,26
TypeA,1378,26
TypeA,1366,26
TypeA,1364,26
TypeA,1178,26
TypeA,1172,26
TypeA,1138,26
TypeA,1130,26
TypeA,1123,26
TypeA,1121,26
TypeA,1116,26
TypeA,1113,26
TypeA,1104,26
TypeA,1098,26
TypeA,1082,26
TypeA,1070,26
TypeA,1065,26
TypeA,1060,26
TypeA,1055,26
TypeA,1051,26
TypeA,1042,26
TypeA,1018,26
TypeA,1012,26
TypeA,1003,26
TypeA,999,26
TypeA,996,26
TypeA,988,26
TypeA,987,26
TypeA,986,26
TypeA,979,26
TypeA,968,26
TypeA,960,26
TypeA,2168,26
TypeA,2161,26
TypeA,2148,26
TypeA,2134,26
TypeA,2116,26
TypeA,2114,26
TypeA,2111,26
TypeA,2110,26
TypeA,2095,26
TypeA,2088,26
TypeA,2078,26
TypeA,2076,26
TypeA,954,26
TypeA,947,26
TypeA,946,26
TypeA,938,26
TypeA,936,26
TypeA,934,26
TypeA,932,26
TypeA,928,26
TypeA,926,26
TypeA,924,26
TypeA,918,26
TypeA,909,26
TypeA,907,26
TypeA,895,26
TypeA,889,26
TypeA,883,26
TypeA,864,26
TypeA,834,26
TypeA,816,26
TypeA,812,26
TypeA,805,26
TypeA,788,26
TypeA,785,26
TypeA,784,26
TypeA,778,26
TypeA,760,26
TypeA,755,26
TypeA,737,26
TypeA,730,26
TypeA,718,26
TypeA,712,26
TypeA,710,26
TypeA,708,26
TypeA,706,26
TypeA,698,26
TypeA,693,26
TypeA,691,26
TypeA,682,26
TypeA,681,26
TypeA,674,26
TypeA,670,26
TypeA,669,26
TypeA,665,26
TypeA,654,26
TypeA,650,26
TypeA,641,26
TypeA,631,26
TypeA,624,26
TypeA,609,26
TypeA,603,26
TypeA,598,26
TypeA,583,26
TypeA,576,26
TypeA,575,26
TypeA,572,26
TypeA,567,26
TypeA,562,26
TypeA,560,26
TypeA,511,26
TypeA,495,26
TypeA,490,26
TypeA,480,26
TypeA,469,26
TypeA,464,26
TypeA,2016,26
TypeA,2009,26
TypeA,2006,26
TypeA,1998,26
TypeA,1975,26
TypeA,1974,26
TypeA,1971,26
TypeA,1961,26
TypeA,1959,26
TypeA,1957,26
TypeA,1955,26
TypeA,1943,26
TypeA,1939,26
TypeA,1937,26
TypeA,1936,26
TypeA,1929,26
TypeA,1928,26
TypeA,1923,26
TypeA,1917,26
TypeA,1916,26
TypeA,1914,26
TypeA,1899,26
TypeA,1883,26
TypeA,1873,26
TypeA,1872,26
TypeA,1865,26
TypeA,1861,26
TypeA,1856,26
TypeA,1852,26
TypeA,1835,26
TypeA,1828,26
TypeA,1818,26
TypeA,1808,26
TypeA,1803,26
TypeA,1784,26
TypeA,1783,26
TypeA,1779,26
TypeA,1756,26
TypeA,1747,26
TypeA,1745,26
TypeA,1733,26
TypeA,1729,26
TypeA,1726,26
TypeA,1722,26
TypeA,1710,26
TypeA,1707,26
TypeA,1683,26
TypeA,1677,26
TypeA,1675,26
TypeA,1642,26
TypeA,1350,26
TypeA,1331,26
TypeA,1317,26
TypeA,1299,26
TypeA,1292,26
TypeA,1287,26
TypeA,1266,26
TypeA,1264,26
TypeA,1263,26
TypeA,1260,26
TypeA,1258,26
TypeA,1256,26
TypeA,1245,26
TypeA,1238,26
TypeA,1233,26
TypeA,1229,26
TypeA,1197,26
TypeA,1184,26
TypeA,1182,26
TypeA,456,26
TypeA,454,26
TypeA,447,26
TypeA,437,26
TypeA,433,26
TypeA,432,26
TypeA,425,26
TypeA,420,26
TypeA,413,26
TypeA,409,26
TypeA,405,26
TypeA,404,26
TypeA,403,26
TypeA,381,26
TypeA,378,26
TypeA,374,26
TypeA,368,26
TypeA,367,26
TypeA,365,26
TypeA,364,26
TypeA,361,26
TypeA,350,26
TypeA,334,26
TypeA,332,26
TypeA,324,26
TypeA,319,26
TypeA,307,26
TypeA,305,26
TypeA,300,26
TypeA,294,26
TypeA,287,26
TypeA,281,26
TypeA,278,26
TypeA,271,26
TypeA,258,26
TypeA,257,26
TypeA,256,26
TypeA,239,26
TypeA,236,26
TypeA,235,26
TypeA,125,26
TypeA,122,26
TypeA,117,26
TypeA,114,26
TypeA,105,26
TypeA,96,26
TypeA,93,26
TypeA,85,26
TypeA,248,26
TypeA,219,26
TypeA,165,26
TypeA,162,26
TypeA,149,26
TypeA,68,26
TypeA,39,26
TypeA,32,26
TypeA,22,26
TypeA,14,30
TypeA,17,30
TypeA,27,30
TypeA,51,30
TypeA,210,30
TypeA,208,30
TypeA,193,30
TypeA,187,30
TypeA,181,30
TypeA,132,30
TypeA,131,30
TypeA,125,30
TypeA,122,30
TypeA,105,30
TypeA,96,30
TypeA,93,30
TypeA,85,30
TypeA,68,30
TypeA,1634,30
TypeA,1620,30
TypeA,1617,30
TypeA,1613,30
TypeA,1607,30
TypeA,1584,30
TypeA,1582,30
TypeA,1579,30
TypeA,1569,30
TypeA,1558,30
TypeA,1549,30
TypeA,1548,30
TypeA,1544,30
TypeA,1528,30
TypeA,1527,30
TypeA,1518,30
TypeA,1508,30
TypeA,1502,30
TypeA,1492,30
TypeA,1490,30
TypeA,1476,30
TypeA,1468,30
TypeA,1463,30
TypeA,1452,30
TypeA,1426,30
TypeA,1421,30
TypeA,1420,30
TypeA,1393,30
TypeA,1391,30
TypeA,1388,30
TypeA,1382,30
TypeA,1378,30
TypeA,1367,30
TypeA,1366,30
TypeA,1364,30
TypeA,1350,30
TypeA,1345,30
TypeA,1336,30
TypeA,1330,30
TypeA,1319,30
TypeA,1317,30
TypeA,1316,30
TypeA,1301,30
TypeA,1299,30
TypeA,1289,30
TypeA,1287,30
TypeA,1266,30
TypeA,1263,30
TypeA,1258,30
TypeA,1256,30
TypeA,1246,30
TypeA,1238,30
TypeA,1228,30
TypeA,1222,30
TypeA,1197,30
TypeA,1182,30
TypeA,934,30
TypeA,932,30
TypeA,928,30
TypeA,926,30
TypeA,924,30
TypeA,922,30
TypeA,918,30
TypeA,913,30
TypeA,909,30
TypeA,907,30
TypeA,903,30
TypeA,895,30
TypeA,889,30
TypeA,888,30
TypeA,883,30
TypeA,864,30
TypeA,861,30
TypeA,834,30
TypeA,816,30
TypeA,812,30
TypeA,806,30
TypeA,805,30
TypeA,803,30
TypeA,795,30
TypeA,788,30
TypeA,778,30
TypeA,776,30
TypeA,759,30
TypeA,755,30
TypeA,720,30
TypeA,718,30
TypeA,714,30
TypeA,712,30
TypeA,710,30
TypeA,706,30
TypeA,700,30
TypeA,699,30
TypeA,698,30
TypeA,691,30
TypeA,687,30
TypeA,684,30
TypeA,682,30
TypeA,681,30
TypeA,679,30
TypeA,676,30
TypeA,674,30
TypeA,670,30
TypeA,669,30
TypeA,654,30
TypeA,650,30
TypeA,642,30
TypeA,641,30
TypeA,635,30
TypeA,631,30
TypeA,630,30
TypeA,624,30
TypeA,609,30
TypeA,604,30
TypeA,603,30
TypeA,598,30
TypeA,588,30
TypeA,578,30
TypeA,576,30
TypeA,575,30
TypeA,572,30
TypeA,568,30
TypeA,560,30
TypeA,536,30
TypeA,533,30
TypeA,529,30
TypeA,511,30
TypeA,495,30
TypeA,490,30
TypeA,2493,30
TypeA,2489,30
TypeA,2477,30
TypeA,2459,30
TypeA,2457,30
TypeA,2452,30
TypeA,2451,30
TypeA,2448,30
TypeA,2445,30
TypeA,2443,30
TypeA,2441,30
TypeA,2429,30
TypeA,2427,30
TypeA,2420,30
TypeA,2407,30
TypeA,2406,30
TypeA,2377,30
TypeA,2371,30
TypeA,2356,30
TypeA,2345,30
TypeA,2341,30
TypeA,2334,30
TypeA,2331,30
TypeA,2328,30
TypeA,2324,30
TypeA,2318,30
TypeA,2317,30
TypeA,2316,30
TypeA,2307,30
TypeA,2305,30
TypeA,2294,30
TypeA,2280,30
TypeA,2274,30
TypeA,2263,30
TypeA,2262,30
TypeA,2244,30
TypeA,2240,30
TypeA,2233,30
TypeA,2228,30
TypeA,2224,30
TypeA,2223,30
TypeA,2215,30
TypeA,2208,30
TypeA,2207,30
TypeA,2205,30
TypeA,2200,30
TypeA,2194,30
TypeA,2193,30
TypeA,2186,30
TypeA,2185,30
TypeA,2183,30
TypeA,2182,30
TypeA,2168,30
TypeA,2148,30
TypeA,2146,30
TypeA,2141,30
TypeA,2137,30
TypeA,2134,30
TypeA,2124,30
TypeA,2116,30
TypeA,2114,30
TypeA,2111,30
TypeA,2110,30
TypeA,2102,30
TypeA,2097,30
TypeA,2088,30
TypeA,2078,30
TypeA,2076,30
TypeA,2063,30
TypeA,2062,30
TypeA,2058,30
TypeA,2051,30
TypeA,2050,30
TypeA,2046,30
TypeA,1919,30
TypeA,1917,30
TypeA,1916,30
TypeA,1914,30
TypeA,1883,30
TypeA,1873,30
TypeA,1865,30
TypeA,1861,30
TypeA,1856,30
TypeA,1852,30
TypeA,1835,30
TypeA,1833,30
TypeA,1828,30
TypeA,1825,30
TypeA,1808,30
TypeA,1806,30
TypeA,1803,30
TypeA,1783,30
TypeA,1779,30
TypeA,1772,30
TypeA,1769,30
TypeA,1756,30
TypeA,1754,30
TypeA,1747,30
TypeA,1745,30
TypeA,1731,30
TypeA,1729,30
TypeA,1710,30
TypeA,1707,30
TypeA,1705,30
TypeA,1677,30
TypeA,1675,30
TypeA,1671,30
TypeA,1642,30
TypeA,1178,30
TypeA,1163,30
TypeA,1139,30
TypeA,1138,30
TypeA,1136,30
TypeA,1132,30
TypeA,1130,30
TypeA,1128,30
TypeA,1117,30
TypeA,1116,30
TypeA,1111,30
TypeA,1102,30
TypeA,1098,30
TypeA,1084,30
TypeA,1070,30
TypeA,1067,30
TypeA,1065,30
TypeA,1060,30
TypeA,1055,30
TypeA,1042,30
TypeA,1018,30
TypeA,1015,30
TypeA,1012,30
TypeA,1003,30
TypeA,1001,30
TypeA,999,30
TypeA,997,30
TypeA,996,30
TypeA,995,30
TypeA,989,30
TypeA,988,30
TypeA,979,30
TypeA,972,30
TypeA,968,30
TypeA,960,30
TypeA,953,30
TypeA,947,30
TypeA,936,30
TypeA,935,30
TypeA,2027,30
TypeA,2007,30
TypeA,2006,30
TypeA,2002,30
TypeA,1998,30
TypeA,1988,30
TypeA,1985,30
TypeA,1978,30
TypeA,1974,30
TypeA,1971,30
TypeA,1961,30
TypeA,1959,30
TypeA,1955,30
TypeA,1954,30
TypeA,1943,30
TypeA,1933,30
TypeA,1929,30
TypeA,483,30
TypeA,481,30
TypeA,480,30
TypeA,456,30
TypeA,454,30
TypeA,447,30
TypeA,437,30
TypeA,425,30
TypeA,420,30
TypeA,413,30
TypeA,405,30
TypeA,404,30
TypeA,381,30
TypeA,376,30
TypeA,374,30
TypeA,368,30
TypeA,367,30
TypeA,364,30
TypeA,362,30
TypeA,361,30
TypeA,350,30
TypeA,345,30
TypeA,335,30
TypeA,319,30
TypeA,318,30
TypeA,317,30
TypeA,304,30
TypeA,300,30
TypeA,294,30
TypeA,287,30
TypeA,281,30
TypeA,239,30
TypeA,324,30
TypeA,235,30
TypeA,219,30
TypeA,212,30
TypeA,165,30
TypeA,149,30
TypeA,142,30
TypeA,140,30
TypeA,134,30
TypeA,278,30
TypeA,258,30
TypeA,256,30
TypeA,52,30
TypeA,39,30
TypeA,32,30
TypeA,29,30
TypeA,25,30
TypeA,22,30
TypeA,1,8
TypeA,16,8
TypeA,46,8
TypeA,45,8
TypeA,43,8
TypeA,42,8
TypeA,28,8
TypeA,27,8
TypeA,25,8
TypeA,23,8
TypeA,22,8
TypeA,20,8
TypeA,19,8
TypeA,18,8
TypeA,17,8
TypeA,69,8
TypeA,68,8
TypeA,55,8
TypeA,52,8
TypeA,51,8
TypeA,47,8
TypeA,40,8
TypeA,39,8
TypeA,37,8
TypeA,32,8
TypeA,29,8
TypeA,294,8
TypeA,293,8
TypeA,290,8
TypeA,289,8
TypeA,288,8
TypeA,287,8
TypeA,285,8
TypeA,282,8
TypeA,281,8
TypeA,280,8
TypeA,279,8
TypeA,278,8
TypeA,276,8
TypeA,275,8
TypeA,271,8
TypeA,263,8
TypeA,262,8
TypeA,258,8
TypeA,257,8
TypeA,256,8
TypeA,253,8
TypeA,249,8
TypeA,246,8
TypeA,245,8
TypeA,243,8
TypeA,242,8
TypeA,239,8
TypeA,235,8
TypeA,232,8
TypeA,230,8
TypeA,226,8
TypeA,223,8
TypeA,222,8
TypeA,221,8
TypeA,219,8
TypeA,218,8
TypeA,217,8
TypeA,216,8
TypeA,214,8
TypeA,212,8
TypeA,210,8
TypeA,209,8
TypeA,208,8
TypeA,198,8
TypeA,196,8
TypeA,195,8
TypeA,194,8
TypeA,193,8
TypeA,192,8
TypeA,188,8
TypeA,185,8
TypeA,184,8
TypeA,183,8
TypeA,180,8
TypeA,179,8
TypeA,165,8
TypeA,158,8
TypeA,157,8
TypeA,156,8
TypeA,155,8
TypeA,151,8
TypeA,149,8
TypeA,144,8
TypeA,143,8
TypeA,142,8
TypeA,137,8
TypeA,136,8
TypeA,134,8
TypeA,133,8
TypeA,132,8
TypeA,131,8
TypeA,125,8
TypeA,123,8
TypeA,122,8
TypeA,121,8
TypeA,2500,8
TypeA,2499,8
TypeA,2498,8
TypeA,2497,8
TypeA,2496,8
TypeA,2489,8
TypeA,2488,8
TypeA,2485,8
TypeA,2482,8
TypeA,2481,8
TypeA,2478,8
TypeA,2474,8
TypeA,2470,8
TypeA,2467,8
TypeA,2466,8
TypeA,2462,8
TypeA,2459,8
TypeA,2455,8
TypeA,2453,8
TypeA,2452,8
TypeA,2451,8
TypeA,2448,8
TypeA,2447,8
TypeA,2446,8
TypeA,2445,8
TypeA,2443,8
TypeA,2440,8
TypeA,2439,8
TypeA,2438,8
TypeA,2437,8
TypeA,2432,8
TypeA,2430,8
TypeA,2427,8
TypeA,2426,8
TypeA,2425,8
TypeA,2424,8
TypeA,2421,8
TypeA,2420,8
TypeA,2419,8
TypeA,2416,8
TypeA,2415,8
TypeA,2412,8
TypeA,2411,8
TypeA,2410,8
TypeA,2407,8
TypeA,2406,8
TypeA,2405,8
TypeA,2395,8
TypeA,2393,8
TypeA,2390,8
TypeA,2385,8
TypeA,2381,8
TypeA,2380,8
TypeA,2379,8
TypeA,2372,8
TypeA,2371,8
TypeA,2370,8
TypeA,2369,8
TypeA,2367,8
TypeA,2366,8
TypeA,2360,8
TypeA,2359,8
TypeA,2354,8
TypeA,2351,8
TypeA,2350,8
TypeA,2346,8
TypeA,2345,8
TypeA,2344,8
TypeA,2343,8
TypeA,2341,8
TypeA,2337,8
TypeA,2336,8
TypeA,2334,8
TypeA,2331,8
TypeA,2330,8
TypeA,2329,8
TypeA,2328,8
TypeA,2327,8
TypeA,2324,8
TypeA,2322,8
TypeA,2318,8
TypeA,2317,8
TypeA,2314,8
TypeA,2312,8
TypeA,2307,8
TypeA,2305,8
TypeA,2303,8
TypeA,2302,8
TypeA,2301,8
TypeA,2300,8
TypeA,2296,8
TypeA,2295,8
TypeA,2294,8
TypeA,2289,8
TypeA,2288,8
TypeA,2284,8
TypeA,2280,8
TypeA,2278,8
TypeA,2277,8
TypeA,2274,8
TypeA,2273,8
TypeA,2270,8
TypeA,2269,8
TypeA,2266,8
TypeA,2264,8
TypeA,2263,8
TypeA,2262,8
TypeA,2261,8
TypeA,2260,8
TypeA,2247,8
TypeA,2245,8
TypeA,2244,8
TypeA,2238,8
TypeA,2237,8
TypeA,2236,8
TypeA,2235,8
TypeA,2233,8
TypeA,2228,8
TypeA,2226,8
TypeA,2225,8
TypeA,2222,8
TypeA,2221,8
TypeA,2217,8
TypeA,2215,8
TypeA,2213,8
TypeA,2210,8
TypeA,2208,8
TypeA,2207,8
TypeA,2205,8
TypeA,2203,8
TypeA,2200,8
TypeA,2199,8
TypeA,2194,8
TypeA,2193,8
TypeA,2190,8
TypeA,2188,8
TypeA,2187,8
TypeA,2185,8
TypeA,2183,8
TypeA,2182,8
TypeA,2181,8
TypeA,2179,8
TypeA,2178,8
TypeA,2176,8
TypeA,2171,8
TypeA,2170,8
TypeA,2168,8
TypeA,2167,8
TypeA,2164,8
TypeA,2162,8
TypeA,2159,8
TypeA,2156,8
TypeA,2149,8
TypeA,2148,8
TypeA,2147,8
TypeA,2146,8
TypeA,2142,8
TypeA,2138,8
TypeA,2137,8
TypeA,2134,8
TypeA,2133,8
TypeA,2131,8
TypeA,2130,8
TypeA,2129,8
TypeA,2124,8
TypeA,2123,8
TypeA,2121,8
TypeA,2117,8
TypeA,2115,8
TypeA,2114,8
TypeA,2112,8
TypeA,2109,8
TypeA,2108,8
TypeA,2100,8
TypeA,2097,8
TypeA,2095,8
TypeA,2092,8
TypeA,2088,8
TypeA,2087,8
TypeA,2085,8
TypeA,2084,8
TypeA,2083,8
TypeA,2082,8
TypeA,2081,8
TypeA,2080,8
TypeA,2079,8
TypeA,2078,8
TypeA,2076,8
TypeA,2074,8
TypeA,2070,8
TypeA,2069,8
TypeA,2066,8
TypeA,2064,8
TypeA,2059,8
TypeA,2058,8
TypeA,2057,8
TypeA,2053,8
TypeA,2051,8
TypeA,2050,8
TypeA,2047,8
TypeA,2042,8
TypeA,2041,8
TypeA,2037,8
TypeA,2035,8
TypeA,2034,8
TypeA,2032,8
TypeA,2030,8
TypeA,2027,8
TypeA,2024,8
TypeA,2021,8
TypeA,2020,8
TypeA,2019,8
TypeA,2018,8
TypeA,2017,8
TypeA,2015,8
TypeA,2014,8
TypeA,2013,8
TypeA,2012,8
TypeA,2011,8
TypeA,2007,8
TypeA,2006,8
TypeA,2004,8
TypeA,1998,8
TypeA,1995,8
TypeA,1990,8
TypeA,1989,8
TypeA,1985,8
TypeA,1982,8
TypeA,1981,8
TypeA,1978,8
TypeA,1976,8
TypeA,1975,8
TypeA,1974,8
TypeA,1972,8
TypeA,1971,8
TypeA,1969,8
TypeA,1968,8
TypeA,1966,8
TypeA,1965,8
TypeA,1963,8
TypeA,1954,8
TypeA,1947,8
TypeA,1944,8
TypeA,1943,8
TypeA,1939,8
TypeA,1937,8
TypeA,1936,8
TypeA,1935,8
TypeA,1930,8
TypeA,1929,8
TypeA,1928,8
TypeA,1927,8
TypeA,1924,8
TypeA,1923,8
TypeA,1922,8
TypeA,1920,8
TypeA,1919,8
TypeA,1918,8
TypeA,1916,8
TypeA,1912,8
TypeA,1911,8
TypeA,1907,8
TypeA,1906,8
TypeA,1905,8
TypeA,1901,8
TypeA,1899,8
TypeA,1895,8
TypeA,1892,8
TypeA,1889,8
TypeA,1883,8
TypeA,1879,8
TypeA,1873,8
TypeA,1872,8
TypeA,1869,8
TypeA,1865,8
TypeA,1864,8
TypeA,1862,8
TypeA,1861,8
TypeA,1858,8
TypeA,1856,8
TypeA,1854,8
TypeA,1852,8
TypeA,1849,8
TypeA,1848,8
TypeA,1847,8
TypeA,1845,8
TypeA,1836,8
TypeA,1835,8
TypeA,1834,8
TypeA,1833,8
TypeA,1831,8
TypeA,1829,8
TypeA,1824,8
TypeA,1823,8
TypeA,1822,8
TypeA,1821,8
TypeA,1816,8
TypeA,1814,8
TypeA,1812,8
TypeA,1810,8
TypeA,1809,8
TypeA,1807,8
TypeA,1806,8
TypeA,1804,8
TypeA,1803,8
TypeA,1800,8
TypeA,1797,8
TypeA,1795,8
TypeA,1792,8
TypeA,1791,8
TypeA,1788,8
TypeA,1781,8
TypeA,1779,8
TypeA,1778,8
TypeA,1777,8
TypeA,1776,8
TypeA,1774,8
TypeA,1772,8
TypeA,1769,8
TypeA,1767,8
TypeA,1764,8
TypeA,1763,8
TypeA,1762,8
TypeA,1759,8
TypeA,1756,8
TypeA,1754,8
TypeA,1753,8
TypeA,1752,8
TypeA,1749,8
TypeA,1747,8
TypeA,1746,8
TypeA,1745,8
TypeA,1742,8
TypeA,1740,8
TypeA,1732,8
TypeA,1731,8
TypeA,1729,8
TypeA,1726,8
TypeA,1723,8
TypeA,1722,8
TypeA,1720,8
TypeA,1710,8
TypeA,1708,8
TypeA,1705,8
TypeA,1696,8
TypeA,1694,8
TypeA,1693,8
TypeA,1692,8
TypeA,1687,8
TypeA,1686,8
TypeA,1685,8
TypeA,1683,8
TypeA,1678,8
TypeA,1677,8
TypeA,1676,8
TypeA,1675,8
TypeA,1673,8
TypeA,1672,8
TypeA,1668,8
TypeA,1667,8
TypeA,1662,8
TypeA,1659,8
TypeA,1653,8
TypeA,1648,8
TypeA,1642,8
TypeA,1640,8
TypeA,1639,8
TypeA,1634,8
TypeA,1633,8
TypeA,1631,8
TypeA,1630,8
TypeA,1622,8
TypeA,1621,8
TypeA,1620,8
TypeA,1619,8
TypeA,1618,8
TypeA,1617,8
TypeA,1615,8
TypeA,1613,8
TypeA,1607,8
TypeA,1604,8
TypeA,1602,8
TypeA,1601,8
TypeA,1599,8
TypeA,1598,8
TypeA,1595,8
TypeA,1593,8
TypeA,1591,8
TypeA,1590,8
TypeA,1588,8
TypeA,1586,8
TypeA,1585,8
TypeA,1584,8
TypeA,1582,8
TypeA,1579,8
TypeA,1568,8
TypeA,1567,8
TypeA,1563,8
TypeA,1557,8
TypeA,1556,8
TypeA,1555,8
TypeA,1549,8
TypeA,1548,8
TypeA,1545,8
TypeA,1544,8
TypeA,1542,8
TypeA,1541,8
TypeA,1540,8
TypeA,1537,8
TypeA,1536,8
TypeA,1535,8
TypeA,1534,8
TypeA,1532,8
TypeA,1529,8
TypeA,1528,8
TypeA,1527,8
TypeA,1526,8
TypeA,1520,8
TypeA,1517,8
TypeA,1515,8
TypeA,1511,8
TypeA,1505,8
TypeA,1502,8
TypeA,1501,8
TypeA,1499,8
TypeA,1494,8
TypeA,1493,8
TypeA,1492,8
TypeA,1491,8
TypeA,1490,8
TypeA,1489,8
TypeA,1488,8
TypeA,1485,8
TypeA,1483,8
TypeA,1476,8
TypeA,1475,8
TypeA,1473,8
TypeA,1470,8
TypeA,1464,8
TypeA,1463,8
TypeA,1462,8
TypeA,1461,8
TypeA,1459,8
TypeA,1458,8
TypeA,1453,8
TypeA,1452,8
TypeA,1451,8
TypeA,1446,8
TypeA,1445,8
TypeA,1443,8
TypeA,1437,8
TypeA,1434,8
TypeA,1431,8
TypeA,1430,8
TypeA,1425,8
TypeA,1424,8
TypeA,1423,8
TypeA,1421,8
TypeA,1418,8
TypeA,1412,8
TypeA,1409,8
TypeA,1406,8
TypeA,1403,8
TypeA,1397,8
TypeA,1396,8
TypeA,1394,8
TypeA,1393,8
TypeA,1392,8
TypeA,1391,8
TypeA,1390,8
TypeA,1388,8
TypeA,1387,8
TypeA,1383,8
TypeA,1382,8
TypeA,1379,8
TypeA,1378,8
TypeA,1375,8
TypeA,1374,8
TypeA,1370,8
TypeA,1369,8
TypeA,1367,8
TypeA,1366,8
TypeA,1357,8
TypeA,1356,8
TypeA,1353,8
TypeA,1352,8
TypeA,1351,8
TypeA,1349,8
TypeA,1337,8
TypeA,1336,8
TypeA,1331,8
TypeA,1326,8
TypeA,1325,8
TypeA,1321,8
TypeA,1318,8
TypeA,1317,8
TypeA,1314,8
TypeA,1312,8
TypeA,1307,8
TypeA,1306,8
TypeA,1305,8
TypeA,1303,8
TypeA,1300,8
TypeA,1299,8
TypeA,1297,8
TypeA,1296,8
TypeA,1294,8
TypeA,1291,8
TypeA,1288,8
TypeA,1285,8
TypeA,1279,8
TypeA,1277,8
TypeA,1272,8
TypeA,1271,8
TypeA,1270,8
TypeA,1269,8
TypeA,1264,8
TypeA,1263,8
TypeA,1261,8
TypeA,1259,8
TypeA,1258,8
TypeA,1256,8
TypeA,1251,8
TypeA,1248,8
TypeA,1247,8
TypeA,1246,8
TypeA,1245,8
TypeA,1240,8
TypeA,1239,8
TypeA,1236,8
TypeA,1234,8
TypeA,1228,8
TypeA,1226,8
TypeA,1222,8
TypeA,1219,8
TypeA,1216,8
TypeA,1211,8
TypeA,1207,8
TypeA,1206,8
TypeA,1204,8
TypeA,1203,8
TypeA,1193,8
TypeA,1191,8
TypeA,1190,8
TypeA,1188,8
TypeA,1187,8
TypeA,1186,8
TypeA,1182,8
TypeA,1181,8
TypeA,1180,8
TypeA,1179,8
TypeA,1178,8
TypeA,1175,8
TypeA,1174,8
TypeA,1172,8
TypeA,1169,8
TypeA,1167,8
TypeA,1166,8
TypeA,1164,8
TypeA,1163,8
TypeA,1160,8
TypeA,1159,8
TypeA,1158,8
TypeA,1157,8
TypeA,1154,8
TypeA,1153,8
TypeA,1146,8
TypeA,1145,8
TypeA,1142,8
TypeA,1139,8
TypeA,1138,8
TypeA,1137,8
TypeA,1136,8
TypeA,1134,8
TypeA,1132,8
TypeA,1130,8
TypeA,1128,8
TypeA,1126,8
TypeA,1124,8
TypeA,1123,8
TypeA,1122,8
TypeA,1121,8
TypeA,1120,8
TypeA,1117,8
TypeA,1113,8
TypeA,1111,8
TypeA,1104,8
TypeA,1103,8
TypeA,1102,8
TypeA,1098,8
TypeA,1097,8
TypeA,1094,8
TypeA,1091,8
TypeA,1087,8
TypeA,1085,8
TypeA,1084,8
TypeA,1083,8
TypeA,1082,8
TypeA,1081,8
TypeA,1078,8
TypeA,1075,8
TypeA,1074,8
TypeA,1072,8
TypeA,1071,8
TypeA,1070,8
TypeA,1069,8
TypeA,1066,8
TypeA,1065,8
TypeA,1064,8
TypeA,1060,8
TypeA,1058,8
TypeA,1057,8
TypeA,1056,8
TypeA,1055,8
TypeA,1053,8
TypeA,1050,8
TypeA,1047,8
TypeA,1045,8
TypeA,1042,8
TypeA,1041,8
TypeA,1040,8
TypeA,1039,8
TypeA,1034,8
TypeA,1032,8
TypeA,1029,8
TypeA,1025,8
TypeA,1024,8
TypeA,1020,8
TypeA,1019,8
TypeA,1018,8
TypeA,1017,8
TypeA,1016,8
TypeA,1015,8
TypeA,1014,8
TypeA,1012,8
TypeA,1011,8
TypeA,1007,8
TypeA,1005,8
TypeA,1004,8
TypeA,1000,8
TypeA,998,8
TypeA,997,8
TypeA,996,8
TypeA,993,8
TypeA,989,8
TypeA,987,8
TypeA,983,8
TypeA,982,8
TypeA,976,8
TypeA,975,8
TypeA,973,8
TypeA,972,8
TypeA,968,8
TypeA,961,8
TypeA,960,8
TypeA,957,8
TypeA,956,8
TypeA,955,8
TypeA,954,8
TypeA,952,8
TypeA,949,8
TypeA,947,8
TypeA,942,8
TypeA,941,8
TypeA,936,8
TypeA,932,8
TypeA,931,8
TypeA,929,8
TypeA,926,8
TypeA,925,8
TypeA,923,8
TypeA,922,8
TypeA,919,8
TypeA,916,8
TypeA,911,8
TypeA,909,8
TypeA,908,8
TypeA,906,8
TypeA,903,8
TypeA,901,8
TypeA,900,8
TypeA,898,8
TypeA,896,8
TypeA,895,8
TypeA,891,8
TypeA,888,8
TypeA,883,8
TypeA,882,8
TypeA,881,8
TypeA,878,8
TypeA,877,8
TypeA,873,8
TypeA,871,8
TypeA,868,8
TypeA,867,8
TypeA,864,8
TypeA,863,8
TypeA,857,8
TypeA,856,8
TypeA,855,8
TypeA,854,8
TypeA,853,8
TypeA,850,8
TypeA,849,8
TypeA,845,8
TypeA,844,8
TypeA,842,8
TypeA,836,8
TypeA,830,8
TypeA,825,8
TypeA,817,8
TypeA,816,8
TypeA,808,8
TypeA,807,8
TypeA,806,8
TypeA,805,8
TypeA,804,8
TypeA,802,8
TypeA,800,8
TypeA,797,8
TypeA,788,8
TypeA,787,8
TypeA,786,8
TypeA,784,8
TypeA,780,8
TypeA,779,8
TypeA,771,8
TypeA,769,8
TypeA,766,8
TypeA,763,8
TypeA,762,8
TypeA,760,8
TypeA,755,8
TypeA,754,8
TypeA,752,8
TypeA,749,8
TypeA,747,8
TypeA,745,8
TypeA,744,8
TypeA,743,8
TypeA,742,8
TypeA,741,8
TypeA,740,8
TypeA,738,8
TypeA,732,8
TypeA,731,8
TypeA,727,8
TypeA,725,8
TypeA,722,8
TypeA,684,8
TypeA,681,8
TypeA,680,8
TypeA,679,8
TypeA,676,8
TypeA,675,8
TypeA,674,8
TypeA,671,8
TypeA,663,8
TypeA,661,8
TypeA,660,8
TypeA,653,8
TypeA,650,8
TypeA,647,8
TypeA,644,8
TypeA,642,8
TypeA,641,8
TypeA,640,8
TypeA,638,8
TypeA,637,8
TypeA,636,8
TypeA,634,8
TypeA,631,8
TypeA,630,8
TypeA,624,8
TypeA,623,8
TypeA,622,8
TypeA,618,8
TypeA,614,8
TypeA,612,8
TypeA,608,8
TypeA,607,8
TypeA,606,8
TypeA,605,8
TypeA,603,8
TypeA,601,8
TypeA,598,8
TypeA,597,8
TypeA,596,8
TypeA,595,8
TypeA,594,8
TypeA,588,8
TypeA,586,8
TypeA,584,8
TypeA,583,8
TypeA,582,8
TypeA,581,8
TypeA,580,8
TypeA,576,8
TypeA,575,8
TypeA,574,8
TypeA,573,8
TypeA,570,8
TypeA,569,8
TypeA,568,8
TypeA,567,8
TypeA,518,8
TypeA,517,8
TypeA,514,8
TypeA,513,8
TypeA,510,8
TypeA,508,8
TypeA,507,8
TypeA,503,8
TypeA,493,8
TypeA,492,8
TypeA,491,8
TypeA,490,8
TypeA,489,8
TypeA,484,8
TypeA,479,8
TypeA,475,8
TypeA,473,8
TypeA,470,8
TypeA,469,8
TypeA,468,8
TypeA,467,8
TypeA,464,8
TypeA,460,8
TypeA,459,8
TypeA,458,8
TypeA,456,8
TypeA,454,8
TypeA,451,8
TypeA,447,8
TypeA,445,8
TypeA,443,8
TypeA,442,8
TypeA,437,8
TypeA,434,8
TypeA,715,8
TypeA,714,8
TypeA,712,8
TypeA,710,8
TypeA,709,8
TypeA,708,8
TypeA,707,8
TypeA,705,8
TypeA,703,8
TypeA,702,8
TypeA,699,8
TypeA,698,8
TypeA,695,8
TypeA,694,8
TypeA,693,8
TypeA,692,8
TypeA,690,8
TypeA,428,8
TypeA,426,8
TypeA,425,8
TypeA,421,8
TypeA,420,8
TypeA,418,8
TypeA,414,8
TypeA,413,8
TypeA,411,8
TypeA,410,8
TypeA,409,8
TypeA,408,8
TypeA,404,8
TypeA,402,8
TypeA,397,8
TypeA,393,8
TypeA,392,8
TypeA,390,8
TypeA,389,8
TypeA,387,8
TypeA,386,8
TypeA,384,8
TypeA,383,8
TypeA,380,8
TypeA,378,8
TypeA,377,8
TypeA,376,8
TypeA,371,8
TypeA,368,8
TypeA,367,8
TypeA,365,8
TypeA,361,8
TypeA,354,8
TypeA,353,8
TypeA,351,8
TypeA,350,8
TypeA,346,8
TypeA,345,8
TypeA,342,8
TypeA,338,8
TypeA,337,8
TypeA,336,8
TypeA,335,8
TypeA,334,8
TypeA,333,8
TypeA,332,8
TypeA,331,8
TypeA,330,8
TypeA,329,8
TypeA,328,8
TypeA,324,8
TypeA,322,8
TypeA,321,8
TypeA,319,8
TypeA,317,8
TypeA,312,8
TypeA,307,8
TypeA,306,8
TypeA,305,8
TypeA,304,8
TypeA,303,8
TypeA,302,8
TypeA,300,8
TypeA,297,8
TypeA,560,8
TypeA,558,8
TypeA,553,8
TypeA,548,8
TypeA,546,8
TypeA,545,8
TypeA,544,8
TypeA,543,8
TypeA,540,8
TypeA,538,8
TypeA,537,8
TypeA,536,8
TypeA,534,8
TypeA,533,8
TypeA,530,8
TypeA,527,8
TypeA,526,8
TypeA,524,8
TypeA,119,8
TypeA,118,8
TypeA,117,8
TypeA,116,8
TypeA,115,8
TypeA,114,8
TypeA,113,8
TypeA,110,8
TypeA,109,8
TypeA,108,8
TypeA,105,8
TypeA,103,8
TypeA,101,8
TypeA,99,8
TypeA,98,8
TypeA,97,8
TypeA,95,8
TypeA,93,8
TypeA,92,8
TypeA,88,8
TypeA,86,8
TypeA,85,8
TypeA,81,8
TypeA,78,8
TypeA,74,8
TypeA,73,8
TypeA,67,8
TypeA,65,8
TypeA,64,8
TypeA,58,8
TypeA,57,8
TypeA,56,8
TypeA,3,8
TypeA,13,8
TypeA,8,8
TypeA,6,8
TypeA,4,8
TypeA,1,13
TypeA,3,13
TypeA,6,13
TypeA,46,13
TypeA,42,13
TypeA,27,13
TypeA,26,13
TypeA,25,13
TypeA,23,13
TypeA,22,13
TypeA,20,13
TypeA,19,13
TypeA,18,13
TypeA,17,13
TypeA,88,13
TypeA,85,13
TypeA,81,13
TypeA,80,13
TypeA,78,13
TypeA,74,13
TypeA,73,13
TypeA,72,13
TypeA,52,13
TypeA,51,13
TypeA,49,13
TypeA,47,13
TypeA,40,13
TypeA,39,13
TypeA,36,13
TypeA,32,13
TypeA,28,13
TypeA,358,13
TypeA,356,13
TypeA,354,13
TypeA,353,13
TypeA,351,13
TypeA,348,13
TypeA,346,13
TypeA,345,13
TypeA,343,13
TypeA,338,13
TypeA,334,13
TypeA,332,13
TypeA,329,13
TypeA,324,13
TypeA,322,13
TypeA,321,13
TypeA,319,13
TypeA,318,13
TypeA,317,13
TypeA,312,13
TypeA,307,13
TypeA,306,13
TypeA,305,13
TypeA,304,13
TypeA,303,13
TypeA,300,13
TypeA,297,13
TypeA,294,13
TypeA,293,13
TypeA,290,13
TypeA,289,13
TypeA,288,13
TypeA,287,13
TypeA,282,13
TypeA,281,13
TypeA,276,13
TypeA,275,13
TypeA,273,13
TypeA,271,13
TypeA,266,13
TypeA,265,13
TypeA,263,13
TypeA,262,13
TypeA,258,13
TypeA,257,13
TypeA,256,13
TypeA,253,13
TypeA,249,13
TypeA,243,13
TypeA,242,13
TypeA,239,13
TypeA,235,13
TypeA,232,13
TypeA,230,13
TypeA,228,13
TypeA,223,13
TypeA,222,13
TypeA,221,13
TypeA,220,13
TypeA,219,13
TypeA,218,13
TypeA,216,13
TypeA,215,13
TypeA,214,13
TypeA,211,13
TypeA,210,13
TypeA,209,13
TypeA,208,13
TypeA,205,13
TypeA,198,13
TypeA,196,13
TypeA,195,13
TypeA,193,13
TypeA,2500,13
TypeA,2498,13
TypeA,2497,13
TypeA,2496,13
TypeA,2489,13
TypeA,2488,13
TypeA,2485,13
TypeA,2484,13
TypeA,2482,13
TypeA,2481,13
TypeA,2479,13
TypeA,2478,13
TypeA,2475,13
TypeA,2468,13
TypeA,2467,13
TypeA,2462,13
TypeA,2459,13
TypeA,2455,13
TypeA,2453,13
TypeA,2452,13
TypeA,2451,13
TypeA,2447,13
TypeA,2446,13
TypeA,2445,13
TypeA,2443,13
TypeA,2441,13
TypeA,2438,13
TypeA,2437,13
TypeA,2432,13
TypeA,2430,13
TypeA,2427,13
TypeA,2426,13
TypeA,2425,13
TypeA,2424,13
TypeA,2423,13
TypeA,2421,13
TypeA,2420,13
TypeA,2416,13
TypeA,2412,13
TypeA,2411,13
TypeA,2410,13
TypeA,2407,13
TypeA,2406,13
TypeA,2405,13
TypeA,2395,13
TypeA,2381,13
TypeA,2380,13
TypeA,2378,13
TypeA,2376,13
TypeA,2375,13
TypeA,2374,13
TypeA,2372,13
TypeA,2371,13
TypeA,2370,13
TypeA,2367,13
TypeA,2366,13
TypeA,2364,13
TypeA,2361,13
TypeA,2360,13
TypeA,2359,13
TypeA,2358,13
TypeA,2356,13
TypeA,2354,13
TypeA,2351,13
TypeA,2350,13
TypeA,2345,13
TypeA,2344,13
TypeA,2343,13
TypeA,2341,13
TypeA,2337,13
TypeA,2334,13
TypeA,2331,13
TypeA,2330,13
TypeA,2329,13
TypeA,2328,13
TypeA,2324,13
TypeA,2322,13
TypeA,2319,13
TypeA,2318,13
TypeA,2317,13
TypeA,2314,13
TypeA,2312,13
TypeA,2307,13
TypeA,2305,13
TypeA,2303,13
TypeA,2302,13
TypeA,2301,13
TypeA,2300,13
TypeA,2298,13
TypeA,2296,13
TypeA,2295,13
TypeA,2294,13
TypeA,2288,13
TypeA,2284,13
TypeA,2280,13
TypeA,2277,13
TypeA,2270,13
TypeA,2269,13
TypeA,2266,13
TypeA,2264,13
TypeA,2263,13
TypeA,2262,13
TypeA,2261,13
TypeA,2260,13
TypeA,2245,13
TypeA,2244,13
TypeA,2238,13
TypeA,2237,13
TypeA,2236,13
TypeA,2235,13
TypeA,2234,13
TypeA,2233,13
TypeA,2231,13
TypeA,2228,13
TypeA,2226,13
TypeA,2225,13
TypeA,2224,13
TypeA,2223,13
TypeA,2221,13
TypeA,2217,13
TypeA,2215,13
TypeA,2211,13
TypeA,2209,13
TypeA,2208,13
TypeA,2205,13
TypeA,2204,13
TypeA,2203,13
TypeA,2200,13
TypeA,2199,13
TypeA,2198,13
TypeA,2194,13
TypeA,2193,13
TypeA,2190,13
TypeA,2188,13
TypeA,2185,13
TypeA,2184,13
TypeA,2183,13
TypeA,2182,13
TypeA,2178,13
TypeA,2176,13
TypeA,2171,13
TypeA,2170,13
TypeA,2168,13
TypeA,2167,13
TypeA,2164,13
TypeA,2162,13
TypeA,2156,13
TypeA,2154,13
TypeA,2149,13
TypeA,2148,13
TypeA,2147,13
TypeA,2142,13
TypeA,2141,13
TypeA,2139,13
TypeA,2138,13
TypeA,2137,13
TypeA,2134,13
TypeA,2133,13
TypeA,2131,13
TypeA,2130,13
TypeA,2129,13
TypeA,2128,13
TypeA,2124,13
TypeA,2123,13
TypeA,2121,13
TypeA,2117,13
TypeA,2115,13
TypeA,2114,13
TypeA,2112,13
TypeA,2111,13
TypeA,2110,13
TypeA,2109,13
TypeA,2107,13
TypeA,2100,13
TypeA,2097,13
TypeA,2095,13
TypeA,2092,13
TypeA,2088,13
TypeA,2087,13
TypeA,2086,13
TypeA,2085,13
TypeA,2084,13
TypeA,2083,13
TypeA,2082,13
TypeA,2080,13
TypeA,2079,13
TypeA,2078,13
TypeA,2076,13
TypeA,2071,13
TypeA,2070,13
TypeA,2069,13
TypeA,2068,13
TypeA,2066,13
TypeA,2064,13
TypeA,2062,13
TypeA,2058,13
TypeA,2057,13
TypeA,2055,13
TypeA,2053,13
TypeA,2051,13
TypeA,2050,13
TypeA,2047,13
TypeA,2044,13
TypeA,2041,13
TypeA,2037,13
TypeA,2027,13
TypeA,2020,13
TypeA,2019,13
TypeA,2017,13
TypeA,2016,13
TypeA,2015,13
TypeA,2012,13
TypeA,2011,13
TypeA,2007,13
TypeA,2006,13
TypeA,2004,13
TypeA,1998,13
TypeA,1997,13
TypeA,1996,13
TypeA,1995,13
TypeA,1993,13
TypeA,1990,13
TypeA,1985,13
TypeA,1982,13
TypeA,1979,13
TypeA,1978,13
TypeA,1976,13
TypeA,1975,13
TypeA,1974,13
TypeA,1972,13
TypeA,1971,13
TypeA,1969,13
TypeA,1968,13
TypeA,1966,13
TypeA,1965,13
TypeA,1959,13
TypeA,1955,13
TypeA,1954,13
TypeA,1953,13
TypeA,1947,13
TypeA,1944,13
TypeA,1943,13
TypeA,1942,13
TypeA,1941,13
TypeA,1940,13
TypeA,1937,13
TypeA,1936,13
TypeA,1935,13
TypeA,1931,13
TypeA,1930,13
TypeA,1928,13
TypeA,1927,13
TypeA,1925,13
TypeA,1924,13
TypeA,1923,13
TypeA,1922,13
TypeA,1920,13
TypeA,1918,13
TypeA,1917,13
TypeA,1916,13
TypeA,1914,13
TypeA,1912,13
TypeA,1911,13
TypeA,1907,13
TypeA,1906,13
TypeA,1901,13
TypeA,1900,13
TypeA,1892,13
TypeA,1887,13
TypeA,1883,13
TypeA,1881,13
TypeA,1879,13
TypeA,1873,13
TypeA,1872,13
TypeA,1869,13
TypeA,1865,13
TypeA,1864,13
TypeA,1862,13
TypeA,1861,13
TypeA,1856,13
TypeA,1854,13
TypeA,1852,13
TypeA,1849,13
TypeA,1848,13
TypeA,1845,13
TypeA,1836,13
TypeA,1835,13
TypeA,1834,13
TypeA,1833,13
TypeA,1831,13
TypeA,1829,13
TypeA,1828,13
TypeA,1824,13
TypeA,1823,13
TypeA,1822,13
TypeA,1821,13
TypeA,1820,13
TypeA,1816,13
TypeA,1810,13
TypeA,1808,13
TypeA,1807,13
TypeA,1806,13
TypeA,1804,13
TypeA,1803,13
TypeA,1802,13
TypeA,1798,13
TypeA,1797,13
TypeA,1795,13
TypeA,1794,13
TypeA,1791,13
TypeA,1788,13
TypeA,1781,13
TypeA,1779,13
TypeA,1778,13
TypeA,1776,13
TypeA,1774,13
TypeA,1772,13
TypeA,1769,13
TypeA,1768,13
TypeA,1767,13
TypeA,1764,13
TypeA,1763,13
TypeA,1762,13
TypeA,1759,13
TypeA,1754,13
TypeA,1753,13
TypeA,1752,13
TypeA,1751,13
TypeA,1749,13
TypeA,1747,13
TypeA,1745,13
TypeA,1742,13
TypeA,1740,13
TypeA,1735,13
TypeA,1732,13
TypeA,1731,13
TypeA,1729,13
TypeA,1726,13
TypeA,1723,13
TypeA,1722,13
TypeA,1720,13
TypeA,1716,13
TypeA,1710,13
TypeA,1709,13
TypeA,1708,13
TypeA,1707,13
TypeA,1705,13
TypeA,1703,13
TypeA,1696,13
TypeA,1695,13
TypeA,1694,13
TypeA,1693,13
TypeA,1692,13
TypeA,1689,13
TypeA,1687,13
TypeA,1685,13
TypeA,1681,13
TypeA,1678,13
TypeA,1677,13
TypeA,1676,13
TypeA,1675,13
TypeA,1673,13
TypeA,1672,13
TypeA,1662,13
TypeA,1660,13
TypeA,1659,13
TypeA,1653,13
TypeA,1648,13
TypeA,1646,13
TypeA,1642,13
TypeA,1640,13
TypeA,1639,13
TypeA,1633,13
TypeA,1631,13
TypeA,1630,13
TypeA,1620,13
TypeA,1619,13
TypeA,1618,13
TypeA,1617,13
TypeA,1613,13
TypeA,1609,13
TypeA,1607,13
TypeA,1604,13
TypeA,1602,13
TypeA,1599,13
TypeA,1598,13
TypeA,1595,13
TypeA,1590,13
TypeA,1588,13
TypeA,1587,13
TypeA,1586,13
TypeA,1585,13
TypeA,1584,13
TypeA,1579,13
TypeA,1578,13
TypeA,1577,13
TypeA,1568,13
TypeA,1567,13
TypeA,1563,13
TypeA,1558,13
TypeA,1557,13
TypeA,1556,13
TypeA,1549,13
TypeA,1548,13
TypeA,1547,13
TypeA,1546,13
TypeA,1545,13
TypeA,1544,13
TypeA,1542,13
TypeA,1541,13
TypeA,1540,13
TypeA,1537,13
TypeA,1536,13
TypeA,1535,13
TypeA,1534,13
TypeA,1529,13
TypeA,1528,13
TypeA,1527,13
TypeA,1526,13
TypeA,1520,13
TypeA,1517,13
TypeA,1515,13
TypeA,1511,13
TypeA,1510,13
TypeA,1509,13
TypeA,1508,13
TypeA,1506,13
TypeA,1505,13
TypeA,1501,13
TypeA,1494,13
TypeA,1492,13
TypeA,1491,13
TypeA,1490,13
TypeA,1489,13
TypeA,1488,13
TypeA,1485,13
TypeA,1483,13
TypeA,1481,13
TypeA,1476,13
TypeA,1475,13
TypeA,1473,13
TypeA,1470,13
TypeA,1467,13
TypeA,1463,13
TypeA,1462,13
TypeA,1461,13
TypeA,1459,13
TypeA,1458,13
TypeA,1456,13
TypeA,1454,13
TypeA,1453,13
TypeA,1452,13
TypeA,1446,13
TypeA,1445,13
TypeA,1434,13
TypeA,1431,13
TypeA,1425,13
TypeA,1423,13
TypeA,1421,13
TypeA,1420,13
TypeA,1418,13
TypeA,1412,13
TypeA,1409,13
TypeA,1406,13
TypeA,1403,13
TypeA,1402,13
TypeA,1397,13
TypeA,1396,13
TypeA,1394,13
TypeA,1393,13
TypeA,1392,13
TypeA,1391,13
TypeA,1389,13
TypeA,1388,13
TypeA,1385,13
TypeA,1383,13
TypeA,1382,13
TypeA,1379,13
TypeA,1378,13
TypeA,1376,13
TypeA,1375,13
TypeA,1374,13
TypeA,1370,13
TypeA,1369,13
TypeA,1367,13
TypeA,1366,13
TypeA,1364,13
TypeA,1357,13
TypeA,1356,13
TypeA,1353,13
TypeA,1352,13
TypeA,1351,13
TypeA,1350,13
TypeA,1337,13
TypeA,1336,13
TypeA,1331,13
TypeA,1326,13
TypeA,1321,13
TypeA,1318,13
TypeA,1317,13
TypeA,1316,13
TypeA,1314,13
TypeA,1312,13
TypeA,1307,13
TypeA,1306,13
TypeA,1305,13
TypeA,1301,13
TypeA,1299,13
TypeA,1297,13
TypeA,1296,13
TypeA,1294,13
TypeA,1293,13
TypeA,1291,13
TypeA,1287,13
TypeA,1284,13
TypeA,1282,13
TypeA,1279,13
TypeA,1277,13
TypeA,1272,13
TypeA,1271,13
TypeA,1269,13
TypeA,1266,13
TypeA,1264,13
TypeA,1263,13
TypeA,1261,13
TypeA,1260,13
TypeA,1256,13
TypeA,1248,13
TypeA,1247,13
TypeA,1245,13
TypeA,1240,13
TypeA,1239,13
TypeA,1238,13
TypeA,1229,13
TypeA,1228,13
TypeA,1226,13
TypeA,1224,13
TypeA,1222,13
TypeA,1216,13
TypeA,1207,13
TypeA,1206,13
TypeA,1203,13
TypeA,1197,13
TypeA,1193,13
TypeA,1190,13
TypeA,1188,13
TypeA,1187,13
TypeA,1186,13
TypeA,1181,13
TypeA,1180,13
TypeA,1178,13
TypeA,1175,13
TypeA,1174,13
TypeA,1167,13
TypeA,1166,13
TypeA,1164,13
TypeA,1163,13
TypeA,1160,13
TypeA,1159,13
TypeA,1158,13
TypeA,1157,13
TypeA,1154,13
TypeA,1146,13
TypeA,1145,13
TypeA,1142,13
TypeA,1141,13
TypeA,1139,13
TypeA,1138,13
TypeA,1137,13
TypeA,1134,13
TypeA,1131,13
TypeA,1130,13
TypeA,1128,13
TypeA,1123,13
TypeA,1122,13
TypeA,1119,13
TypeA,1117,13
TypeA,1116,13
TypeA,1113,13
TypeA,1111,13
TypeA,1104,13
TypeA,1103,13
TypeA,1098,13
TypeA,1097,13
TypeA,1094,13
TypeA,1091,13
TypeA,1089,13
TypeA,1087,13
TypeA,1085,13
TypeA,1084,13
TypeA,1082,13
TypeA,1081,13
TypeA,1078,13
TypeA,1074,13
TypeA,1073,13
TypeA,1072,13
TypeA,1071,13
TypeA,1070,13
TypeA,1069,13
TypeA,1066,13
TypeA,1062,13
TypeA,1061,13
TypeA,1060,13
TypeA,1058,13
TypeA,1057,13
TypeA,1056,13
TypeA,1053,13
TypeA,1050,13
TypeA,1047,13
TypeA,1045,13
TypeA,1042,13
TypeA,1041,13
TypeA,1040,13
TypeA,1039,13
TypeA,1038,13
TypeA,1032,13
TypeA,1031,13
TypeA,1029,13
TypeA,1024,13
TypeA,1020,13
TypeA,1018,13
TypeA,1017,13
TypeA,1015,13
TypeA,1014,13
TypeA,1012,13
TypeA,1011,13
TypeA,1007,13
TypeA,1005,13
TypeA,1004,13
TypeA,1000,13
TypeA,999,13
TypeA,998,13
TypeA,996,13
TypeA,995,13
TypeA,993,13
TypeA,989,13
TypeA,988,13
TypeA,987,13
TypeA,986,13
TypeA,983,13
TypeA,982,13
TypeA,979,13
TypeA,975,13
TypeA,973,13
TypeA,971,13
TypeA,968,13
TypeA,964,13
TypeA,961,13
TypeA,960,13
TypeA,957,13
TypeA,956,13
TypeA,955,13
TypeA,954,13
TypeA,952,13
TypeA,949,13
TypeA,947,13
TypeA,943,13
TypeA,942,13
TypeA,941,13
TypeA,939,13
TypeA,936,13
TypeA,934,13
TypeA,932,13
TypeA,929,13
TypeA,928,13
TypeA,926,13
TypeA,924,13
TypeA,922,13
TypeA,920,13
TypeA,916,13
TypeA,915,13
TypeA,911,13
TypeA,909,13
TypeA,908,13
TypeA,906,13
TypeA,903,13
TypeA,901,13
TypeA,900,13
TypeA,898,13
TypeA,896,13
TypeA,895,13
TypeA,891,13
TypeA,889,13
TypeA,888,13
TypeA,886,13
TypeA,883,13
TypeA,882,13
TypeA,881,13
TypeA,878,13
TypeA,876,13
TypeA,873,13
TypeA,871,13
TypeA,868,13
TypeA,867,13
TypeA,864,13
TypeA,862,13
TypeA,859,13
TypeA,857,13
TypeA,856,13
TypeA,855,13
TypeA,853,13
TypeA,850,13
TypeA,849,13
TypeA,845,13
TypeA,844,13
TypeA,842,13
TypeA,840,13
TypeA,830,13
TypeA,825,13
TypeA,823,13
TypeA,820,13
TypeA,817,13
TypeA,816,13
TypeA,807,13
TypeA,806,13
TypeA,805,13
TypeA,804,13
TypeA,802,13
TypeA,800,13
TypeA,797,13
TypeA,788,13
TypeA,787,13
TypeA,786,13
TypeA,784,13
TypeA,780,13
TypeA,776,13
TypeA,771,13
TypeA,768,13
TypeA,766,13
TypeA,764,13
TypeA,763,13
TypeA,762,13
TypeA,761,13
TypeA,755,13
TypeA,754,13
TypeA,752,13
TypeA,749,13
TypeA,747,13
TypeA,745,13
TypeA,744,13
TypeA,742,13
TypeA,738,13
TypeA,733,13
TypeA,732,13
TypeA,731,13
TypeA,728,13
TypeA,727,13
TypeA,725,13
TypeA,684,13
TypeA,681,13
TypeA,680,13
TypeA,679,13
TypeA,676,13
TypeA,675,13
TypeA,674,13
TypeA,672,13
TypeA,671,13
TypeA,670,13
TypeA,669,13
TypeA,663,13
TypeA,661,13
TypeA,660,13
TypeA,656,13
TypeA,653,13
TypeA,650,13
TypeA,647,13
TypeA,644,13
TypeA,642,13
TypeA,641,13
TypeA,640,13
TypeA,638,13
TypeA,637,13
TypeA,636,13
TypeA,634,13
TypeA,633,13
TypeA,632,13
TypeA,631,13
TypeA,630,13
TypeA,624,13
TypeA,623,13
TypeA,622,13
TypeA,621,13
TypeA,618,13
TypeA,614,13
TypeA,612,13
TypeA,609,13
TypeA,608,13
TypeA,607,13
TypeA,606,13
TypeA,605,13
TypeA,603,13
TypeA,601,13
TypeA,600,13
TypeA,597,13
TypeA,596,13
TypeA,595,13
TypeA,594,13
TypeA,591,13
TypeA,588,13
TypeA,586,13
TypeA,583,13
TypeA,582,13
TypeA,581,13
TypeA,580,13
TypeA,577,13
TypeA,576,13
TypeA,575,13
TypeA,574,13
TypeA,573,13
TypeA,569,13
TypeA,568,13
TypeA,567,13
TypeA,523,13
TypeA,518,13
TypeA,517,13
TypeA,515,13
TypeA,513,13
TypeA,511,13
TypeA,510,13
TypeA,503,13
TypeA,495,13
TypeA,718,13
TypeA,716,13
TypeA,715,13
TypeA,714,13
TypeA,712,13
TypeA,710,13
TypeA,709,13
TypeA,707,13
TypeA,706,13
TypeA,703,13
TypeA,702,13
TypeA,699,13
TypeA,697,13
TypeA,696,13
TypeA,695,13
TypeA,694,13
TypeA,693,13
TypeA,692,13
TypeA,690,13
TypeA,688,13
TypeA,685,13
TypeA,493,13
TypeA,492,13
TypeA,491,13
TypeA,490,13
TypeA,489,13
TypeA,484,13
TypeA,483,13
TypeA,480,13
TypeA,479,13
TypeA,472,13
TypeA,470,13
TypeA,469,13
TypeA,468,13
TypeA,467,13
TypeA,464,13
TypeA,463,13
TypeA,462,13
TypeA,460,13
TypeA,458,13
TypeA,456,13
TypeA,454,13
TypeA,451,13
TypeA,447,13
TypeA,445,13
TypeA,443,13
TypeA,441,13
TypeA,437,13
TypeA,434,13
TypeA,433,13
TypeA,432,13
TypeA,428,13
TypeA,426,13
TypeA,425,13
TypeA,421,13
TypeA,420,13
TypeA,418,13
TypeA,414,13
TypeA,413,13
TypeA,412,13
TypeA,411,13
TypeA,409,13
TypeA,408,13
TypeA,404,13
TypeA,397,13
TypeA,396,13
TypeA,393,13
TypeA,392,13
TypeA,390,13
TypeA,389,13
TypeA,387,13
TypeA,386,13
TypeA,383,13
TypeA,381,13
TypeA,380,13
TypeA,378,13
TypeA,377,13
TypeA,376,13
TypeA,374,13
TypeA,371,13
TypeA,367,13
TypeA,365,13
TypeA,364,13
TypeA,362,13
TypeA,361,13
TypeA,566,13
TypeA,563,13
TypeA,560,13
TypeA,558,13
TypeA,548,13
TypeA,546,13
TypeA,545,13
TypeA,543,13
TypeA,542,13
TypeA,536,13
TypeA,526,13
TypeA,524,13
TypeA,188,13
TypeA,184,13
TypeA,183,13
TypeA,180,13
TypeA,166,13
TypeA,165,13
TypeA,164,13
TypeA,162,13
TypeA,161,13
TypeA,158,13
TypeA,157,13
TypeA,156,13
TypeA,155,13
TypeA,149,13
TypeA,144,13
TypeA,143,13
TypeA,142,13
TypeA,140,13
TypeA,139,13
TypeA,134,13
TypeA,133,13
TypeA,132,13
TypeA,131,13
TypeA,127,13
TypeA,125,13
TypeA,123,13
TypeA,122,13
TypeA,121,13
TypeA,114,13
TypeA,113,13
TypeA,112,13
TypeA,110,13
TypeA,109,13
TypeA,108,13
TypeA,105,13
TypeA,104,13
TypeA,101,13
TypeA,99,13
TypeA,97,13
TypeA,93,13
TypeA,118,13
TypeA,117,13
TypeA,115,13
TypeA,91,13
TypeA,71,13
TypeA,69,13
TypeA,67,13
TypeA,65,13
TypeA,64,13
TypeA,57,13
TypeA,55,13
TypeA,95,13
TypeA,14,13
TypeA,13,13
TypeA,8,13
TypeA,1,18
TypeA,6,18
TypeA,7,18
TypeA,8,18
TypeA,14,18
TypeA,86,18
TypeA,85,18
TypeA,79,18
TypeA,78,18
TypeA,77,18
TypeA,74,18
TypeA,73,18
TypeA,72,18
TypeA,51,18
TypeA,49,18
TypeA,48,18
TypeA,47,18
TypeA,46,18
TypeA,43,18
TypeA,42,18
TypeA,41,18
TypeA,374,18
TypeA,371,18
TypeA,370,18
TypeA,367,18
TypeA,365,18
TypeA,364,18
TypeA,362,18
TypeA,361,18
TypeA,358,18
TypeA,354,18
TypeA,353,18
TypeA,351,18
TypeA,350,18
TypeA,346,18
TypeA,345,18
TypeA,339,18
TypeA,335,18
TypeA,334,18
TypeA,332,18
TypeA,330,18
TypeA,329,18
TypeA,328,18
TypeA,322,18
TypeA,321,18
TypeA,319,18
TypeA,318,18
TypeA,317,18
TypeA,308,18
TypeA,307,18
TypeA,306,18
TypeA,305,18
TypeA,304,18
TypeA,303,18
TypeA,301,18
TypeA,300,18
TypeA,294,18
TypeA,293,18
TypeA,291,18
TypeA,290,18
TypeA,289,18
TypeA,287,18
TypeA,285,18
TypeA,283,18
TypeA,282,18
TypeA,276,18
TypeA,275,18
TypeA,273,18
TypeA,264,18
TypeA,263,18
TypeA,261,18
TypeA,258,18
TypeA,256,18
TypeA,253,18
TypeA,251,18
TypeA,249,18
TypeA,246,18
TypeA,243,18
TypeA,242,18
TypeA,239,18
TypeA,235,18
TypeA,232,18
TypeA,230,18
TypeA,228,18
TypeA,227,18
TypeA,222,18
TypeA,221,18
TypeA,220,18
TypeA,219,18
TypeA,218,18
TypeA,214,18
TypeA,212,18
TypeA,211,18
TypeA,210,18
TypeA,2366,18
TypeA,2364,18
TypeA,2361,18
TypeA,2359,18
TypeA,2358,18
TypeA,2354,18
TypeA,2351,18
TypeA,2350,18
TypeA,2347,18
TypeA,2344,18
TypeA,2343,18
TypeA,2342,18
TypeA,2341,18
TypeA,2334,18
TypeA,2331,18
TypeA,2330,18
TypeA,2329,18
TypeA,2328,18
TypeA,2324,18
TypeA,2318,18
TypeA,2317,18
TypeA,2314,18
TypeA,2312,18
TypeA,2310,18
TypeA,2307,18
TypeA,2305,18
TypeA,2303,18
TypeA,2301,18
TypeA,2300,18
TypeA,2298,18
TypeA,2296,18
TypeA,2295,18
TypeA,2294,18
TypeA,2289,18
TypeA,2288,18
TypeA,2284,18
TypeA,2282,18
TypeA,2281,18
TypeA,2280,18
TypeA,2278,18
TypeA,2277,18
TypeA,2275,18
TypeA,2274,18
TypeA,2270,18
TypeA,2269,18
TypeA,2266,18
TypeA,2264,18
TypeA,2263,18
TypeA,2262,18
TypeA,2261,18
TypeA,2260,18
TypeA,2254,18
TypeA,2250,18
TypeA,2245,18
TypeA,2244,18
TypeA,2241,18
TypeA,2240,18
TypeA,2238,18
TypeA,2237,18
TypeA,2236,18
TypeA,2234,18
TypeA,2233,18
TypeA,2231,18
TypeA,2228,18
TypeA,2226,18
TypeA,2225,18
TypeA,2224,18
TypeA,2221,18
TypeA,2217,18
TypeA,2215,18
TypeA,2211,18
TypeA,2209,18
TypeA,2208,18
TypeA,2207,18
TypeA,2205,18
TypeA,2204,18
TypeA,2203,18
TypeA,2200,18
TypeA,2199,18
TypeA,2198,18
TypeA,2194,18
TypeA,2193,18
TypeA,2190,18
TypeA,2188,18
TypeA,2186,18
TypeA,2185,18
TypeA,2184,18
TypeA,2183,18
TypeA,2178,18
TypeA,2176,18
TypeA,2173,18
TypeA,2171,18
TypeA,2170,18
TypeA,2168,18
TypeA,2167,18
TypeA,2162,18
TypeA,2158,18
TypeA,2156,18
TypeA,2154,18
TypeA,2148,18
TypeA,2147,18
TypeA,2142,18
TypeA,2141,18
TypeA,2139,18
TypeA,2134,18
TypeA,2133,18
TypeA,2131,18
TypeA,2130,18
TypeA,2129,18
TypeA,2128,18
TypeA,2124,18
TypeA,2123,18
TypeA,2117,18
TypeA,2115,18
TypeA,2114,18
TypeA,2112,18
TypeA,2110,18
TypeA,2109,18
TypeA,2108,18
TypeA,2107,18
TypeA,2102,18
TypeA,2100,18
TypeA,2099,18
TypeA,2097,18
TypeA,2095,18
TypeA,2094,18
TypeA,2092,18
TypeA,2088,18
TypeA,2087,18
TypeA,2086,18
TypeA,2085,18
TypeA,2084,18
TypeA,2083,18
TypeA,2082,18
TypeA,2080,18
TypeA,2079,18
TypeA,2076,18
TypeA,2075,18
TypeA,2071,18
TypeA,2070,18
TypeA,2068,18
TypeA,2065,18
TypeA,2064,18
TypeA,2062,18
TypeA,2058,18
TypeA,2056,18
TypeA,2055,18
TypeA,2053,18
TypeA,2051,18
TypeA,2050,18
TypeA,2047,18
TypeA,2041,18
TypeA,2037,18
TypeA,2034,18
TypeA,2033,18
TypeA,2029,18
TypeA,2027,18
TypeA,2024,18
TypeA,2020,18
TypeA,2019,18
TypeA,2018,18
TypeA,2017,18
TypeA,2012,18
TypeA,2011,18
TypeA,2008,18
TypeA,2007,18
TypeA,2004,18
TypeA,1998,18
TypeA,1997,18
TypeA,1996,18
TypeA,1995,18
TypeA,1990,18
TypeA,1989,18
TypeA,1987,18
TypeA,1985,18
TypeA,1980,18
TypeA,1979,18
TypeA,1978,18
TypeA,1976,18
TypeA,1975,18
TypeA,1974,18
TypeA,1972,18
TypeA,1971,18
TypeA,1970,18
TypeA,1969,18
TypeA,1968,18
TypeA,1966,18
TypeA,1965,18
TypeA,1964,18
TypeA,1957,18
TypeA,1954,18
TypeA,1953,18
TypeA,1949,18
TypeA,1948,18
TypeA,1947,18
TypeA,1946,18
TypeA,1944,18
TypeA,1943,18
TypeA,1942,18
TypeA,1941,18
TypeA,1939,18
TypeA,1937,18
TypeA,1936,18
TypeA,1935,18
TypeA,1933,18
TypeA,1932,18
TypeA,1931,18
TypeA,1930,18
TypeA,1929,18
TypeA,1928,18
TypeA,1927,18
TypeA,1925,18
TypeA,1924,18
TypeA,1923,18
TypeA,1922,18
TypeA,1921,18
TypeA,1920,18
TypeA,1919,18
TypeA,1917,18
TypeA,1916,18
TypeA,1914,18
TypeA,1911,18
TypeA,1907,18
TypeA,1906,18
TypeA,1905,18
TypeA,1901,18
TypeA,1900,18
TypeA,1899,18
TypeA,1896,18
TypeA,1894,18
TypeA,1892,18
TypeA,1890,18
TypeA,1889,18
TypeA,1883,18
TypeA,1881,18
TypeA,1879,18
TypeA,1873,18
TypeA,1872,18
TypeA,1869,18
TypeA,1865,18
TypeA,1864,18
TypeA,1862,18
TypeA,1860,18
TypeA,1858,18
TypeA,1856,18
TypeA,1854,18
TypeA,1850,18
TypeA,1849,18
TypeA,1848,18
TypeA,1847,18
TypeA,1845,18
TypeA,1841,18
TypeA,1840,18
TypeA,1837,18
TypeA,1836,18
TypeA,1835,18
TypeA,1834,18
TypeA,1833,18
TypeA,1832,18
TypeA,1831,18
TypeA,1829,18
TypeA,1824,18
TypeA,1823,18
TypeA,1821,18
TypeA,1820,18
TypeA,1816,18
TypeA,1814,18
TypeA,1812,18
TypeA,1810,18
TypeA,1807,18
TypeA,1804,18
TypeA,1803,18
TypeA,1797,18
TypeA,1796,18
TypeA,1795,18
TypeA,1794,18
TypeA,1793,18
TypeA,1791,18
TypeA,1790,18
TypeA,1788,18
TypeA,1784,18
TypeA,1783,18
TypeA,1781,18
TypeA,1779,18
TypeA,1778,18
TypeA,1776,18
TypeA,1774,18
TypeA,1772,18
TypeA,1769,18
TypeA,1767,18
TypeA,1763,18
TypeA,1762,18
TypeA,1761,18
TypeA,1759,18
TypeA,1758,18
TypeA,1756,18
TypeA,1754,18
TypeA,1753,18
TypeA,1752,18
TypeA,1751,18
TypeA,1749,18
TypeA,1746,18
TypeA,1745,18
TypeA,1742,18
TypeA,1740,18
TypeA,1735,18
TypeA,1732,18
TypeA,1731,18
TypeA,1726,18
TypeA,1723,18
TypeA,1722,18
TypeA,1720,18
TypeA,1717,18
TypeA,1716,18
TypeA,1710,18
TypeA,1708,18
TypeA,1707,18
TypeA,1705,18
TypeA,1703,18
TypeA,1696,18
TypeA,1694,18
TypeA,1693,18
TypeA,1692,18
TypeA,1689,18
TypeA,1687,18
TypeA,1678,18
TypeA,1676,18
TypeA,1675,18
TypeA,1673,18
TypeA,1666,18
TypeA,1663,18
TypeA,1662,18
TypeA,1659,18
TypeA,1653,18
TypeA,1651,18
TypeA,1648,18
TypeA,1642,18
TypeA,1640,18
TypeA,1639,18
TypeA,1633,18
TypeA,1631,18
TypeA,1630,18
TypeA,1627,18
TypeA,1624,18
TypeA,1621,18
TypeA,1619,18
TypeA,1618,18
TypeA,1617,18
TypeA,1609,18
TypeA,1607,18
TypeA,1605,18
TypeA,1604,18
TypeA,1602,18
TypeA,1599,18
TypeA,1598,18
TypeA,1595,18
TypeA,1592,18
TypeA,1591,18
TypeA,1590,18
TypeA,1588,18
TypeA,1586,18
TypeA,1585,18
TypeA,1584,18
TypeA,1581,18
TypeA,1579,18
TypeA,1578,18
TypeA,1577,18
TypeA,1575,18
TypeA,1572,18
TypeA,1568,18
TypeA,1566,18
TypeA,1563,18
TypeA,1558,18
TypeA,1557,18
TypeA,1556,18
TypeA,1555,18
TypeA,1549,18
TypeA,1548,18
TypeA,1547,18
TypeA,1546,18
TypeA,1545,18
TypeA,1542,18
TypeA,1541,18
TypeA,1540,18
TypeA,1537,18
TypeA,1536,18
TypeA,1535,18
TypeA,1534,18
TypeA,1532,18
TypeA,1529,18
TypeA,1528,18
TypeA,1527,18
TypeA,1526,18
TypeA,1517,18
TypeA,1515,18
TypeA,1511,18
TypeA,1510,18
TypeA,1509,18
TypeA,1506,18
TypeA,1505,18
TypeA,1501,18
TypeA,1495,18
TypeA,1494,18
TypeA,1491,18
TypeA,1490,18
TypeA,1489,18
TypeA,1488,18
TypeA,1484,18
TypeA,1483,18
TypeA,1481,18
TypeA,1476,18
TypeA,1475,18
TypeA,1474,18
TypeA,1470,18
TypeA,1468,18
TypeA,1467,18
TypeA,1464,18
TypeA,1463,18
TypeA,1462,18
TypeA,1461,18
TypeA,1460,18
TypeA,1459,18
TypeA,1458,18
TypeA,1454,18
TypeA,1453,18
TypeA,1452,18
TypeA,1451,18
TypeA,1448,18
TypeA,1446,18
TypeA,1445,18
TypeA,1443,18
TypeA,1440,18
TypeA,1437,18
TypeA,1434,18
TypeA,1431,18
TypeA,1430,18
TypeA,1428,18
TypeA,1425,18
TypeA,1423,18
TypeA,1421,18
TypeA,1420,18
TypeA,1419,18
TypeA,1418,18
TypeA,1417,18
TypeA,1412,18
TypeA,1409,18
TypeA,1408,18
TypeA,1406,18
TypeA,1403,18
TypeA,1402,18
TypeA,1397,18
TypeA,1396,18
TypeA,1394,18
TypeA,1393,18
TypeA,1392,18
TypeA,1391,18
TypeA,1390,18
TypeA,1388,18
TypeA,1385,18
TypeA,1383,18
TypeA,1382,18
TypeA,1379,18
TypeA,1378,18
TypeA,1376,18
TypeA,1375,18
TypeA,1370,18
TypeA,1366,18
TypeA,1364,18
TypeA,1363,18
TypeA,1357,18
TypeA,1356,18
TypeA,1354,18
TypeA,1353,18
TypeA,1352,18
TypeA,1349,18
TypeA,1347,18
TypeA,1345,18
TypeA,1337,18
TypeA,1336,18
TypeA,1333,18
TypeA,1331,18
TypeA,1330,18
TypeA,1325,18
TypeA,1321,18
TypeA,1318,18
TypeA,1317,18
TypeA,1316,18
TypeA,1314,18
TypeA,1312,18
TypeA,1307,18
TypeA,1306,18
TypeA,1305,18
TypeA,1304,18
TypeA,1303,18
TypeA,1299,18
TypeA,1296,18
TypeA,1293,18
TypeA,1291,18
TypeA,1289,18
TypeA,1288,18
TypeA,1285,18
TypeA,1282,18
TypeA,1279,18
TypeA,1277,18
TypeA,1272,18
TypeA,1271,18
TypeA,1270,18
TypeA,1266,18
TypeA,1265,18
TypeA,1264,18
TypeA,1263,18
TypeA,1261,18
TypeA,1260,18
TypeA,1258,18
TypeA,1256,18
TypeA,1248,18
TypeA,1247,18
TypeA,1245,18
TypeA,1240,18
TypeA,1237,18
TypeA,1236,18
TypeA,1234,18
TypeA,1229,18
TypeA,1228,18
TypeA,1227,18
TypeA,1226,18
TypeA,1224,18
TypeA,1222,18
TypeA,1219,18
TypeA,1218,18
TypeA,1216,18
TypeA,1211,18
TypeA,1207,18
TypeA,1206,18
TypeA,1204,18
TypeA,1203,18
TypeA,1197,18
TypeA,1193,18
TypeA,1191,18
TypeA,1190,18
TypeA,1187,18
TypeA,1186,18
TypeA,1179,18
TypeA,1178,18
TypeA,1175,18
TypeA,1172,18
TypeA,1169,18
TypeA,1167,18
TypeA,1166,18
TypeA,1165,18
TypeA,1164,18
TypeA,1163,18
TypeA,1160,18
TypeA,1158,18
TypeA,1157,18
TypeA,1154,18
TypeA,1151,18
TypeA,1146,18
TypeA,1142,18
TypeA,1139,18
TypeA,1138,18
TypeA,1137,18
TypeA,1133,18
TypeA,1130,18
TypeA,1128,18
TypeA,1127,18
TypeA,1125,18
TypeA,1123,18
TypeA,1122,18
TypeA,1119,18
TypeA,1117,18
TypeA,1113,18
TypeA,1111,18
TypeA,1104,18
TypeA,1103,18
TypeA,1098,18
TypeA,1097,18
TypeA,1094,18
TypeA,1091,18
TypeA,1088,18
TypeA,1087,18
TypeA,1085,18
TypeA,1084,18
TypeA,1082,18
TypeA,1081,18
TypeA,2500,18
TypeA,2499,18
TypeA,2498,18
TypeA,2497,18
TypeA,2496,18
TypeA,2494,18
TypeA,2493,18
TypeA,2489,18
TypeA,2488,18
TypeA,2486,18
TypeA,2484,18
TypeA,2483,18
TypeA,2481,18
TypeA,2479,18
TypeA,2478,18
TypeA,2475,18
TypeA,2472,18
TypeA,2470,18
TypeA,2467,18
TypeA,2466,18
TypeA,2462,18
TypeA,2459,18
TypeA,2456,18
TypeA,2455,18
TypeA,2453,18
TypeA,2452,18
TypeA,2451,18
TypeA,2448,18
TypeA,2447,18
TypeA,2446,18
TypeA,2445,18
TypeA,2443,18
TypeA,2441,18
TypeA,2438,18
TypeA,2437,18
TypeA,2432,18
TypeA,2427,18
TypeA,2426,18
TypeA,2424,18
TypeA,2423,18
TypeA,2421,18
TypeA,2420,18
TypeA,2416,18
TypeA,2412,18
TypeA,2407,18
TypeA,2406,18
TypeA,2405,18
TypeA,2400,18
TypeA,2398,18
TypeA,2395,18
TypeA,2393,18
TypeA,2391,18
TypeA,2381,18
TypeA,2380,18
TypeA,2378,18
TypeA,2377,18
TypeA,2376,18
TypeA,2375,18
TypeA,2374,18
TypeA,2373,18
TypeA,2371,18
TypeA,2370,18
TypeA,2369,18
TypeA,2367,18
TypeA,1078,18
TypeA,1076,18
TypeA,1074,18
TypeA,1073,18
TypeA,1070,18
TypeA,1067,18
TypeA,1066,18
TypeA,1065,18
TypeA,1064,18
TypeA,1062,18
TypeA,1061,18
TypeA,1060,18
TypeA,1058,18
TypeA,1056,18
TypeA,1053,18
TypeA,1050,18
TypeA,1048,18
TypeA,1046,18
TypeA,1045,18
TypeA,1041,18
TypeA,1040,18
TypeA,1039,18
TypeA,1038,18
TypeA,1034,18
TypeA,1032,18
TypeA,1031,18
TypeA,1029,18
TypeA,1024,18
TypeA,1020,18
TypeA,1018,18
TypeA,1017,18
TypeA,1015,18
TypeA,1014,18
TypeA,1010,18
TypeA,1007,18
TypeA,1005,18
TypeA,1004,18
TypeA,1001,18
TypeA,1000,18
TypeA,998,18
TypeA,997,18
TypeA,993,18
TypeA,989,18
TypeA,988,18
TypeA,984,18
TypeA,983,18
TypeA,982,18
TypeA,979,18
TypeA,978,18
TypeA,976,18
TypeA,975,18
TypeA,973,18
TypeA,972,18
TypeA,971,18
TypeA,968,18
TypeA,961,18
TypeA,960,18
TypeA,957,18
TypeA,956,18
TypeA,953,18
TypeA,952,18
TypeA,949,18
TypeA,947,18
TypeA,946,18
TypeA,944,18
TypeA,943,18
TypeA,942,18
TypeA,941,18
TypeA,940,18
TypeA,939,18
TypeA,938,18
TypeA,936,18
TypeA,934,18
TypeA,932,18
TypeA,931,18
TypeA,929,18
TypeA,928,18
TypeA,927,18
TypeA,926,18
TypeA,920,18
TypeA,918,18
TypeA,916,18
TypeA,915,18
TypeA,911,18
TypeA,909,18
TypeA,908,18
TypeA,907,18
TypeA,900,18
TypeA,898,18
TypeA,896,18
TypeA,895,18
TypeA,893,18
TypeA,891,18
TypeA,889,18
TypeA,888,18
TypeA,886,18
TypeA,885,18
TypeA,883,18
TypeA,882,18
TypeA,881,18
TypeA,879,18
TypeA,878,18
TypeA,877,18
TypeA,873,18
TypeA,871,18
TypeA,868,18
TypeA,867,18
TypeA,864,18
TypeA,859,18
TypeA,857,18
TypeA,856,18
TypeA,853,18
TypeA,852,18
TypeA,850,18
TypeA,849,18
TypeA,845,18
TypeA,844,18
TypeA,842,18
TypeA,840,18
TypeA,830,18
TypeA,825,18
TypeA,823,18
TypeA,820,18
TypeA,817,18
TypeA,816,18
TypeA,812,18
TypeA,808,18
TypeA,807,18
TypeA,806,18
TypeA,805,18
TypeA,804,18
TypeA,803,18
TypeA,802,18
TypeA,800,18
TypeA,797,18
TypeA,793,18
TypeA,790,18
TypeA,788,18
TypeA,787,18
TypeA,786,18
TypeA,784,18
TypeA,771,18
TypeA,768,18
TypeA,766,18
TypeA,762,18
TypeA,760,18
TypeA,755,18
TypeA,752,18
TypeA,749,18
TypeA,748,18
TypeA,747,18
TypeA,745,18
TypeA,744,18
TypeA,742,18
TypeA,740,18
TypeA,734,18
TypeA,733,18
TypeA,732,18
TypeA,731,18
TypeA,728,18
TypeA,726,18
TypeA,725,18
TypeA,722,18
TypeA,720,18
TypeA,718,18
TypeA,715,18
TypeA,714,18
TypeA,712,18
TypeA,710,18
TypeA,709,18
TypeA,708,18
TypeA,707,18
TypeA,706,18
TypeA,705,18
TypeA,703,18
TypeA,702,18
TypeA,699,18
TypeA,697,18
TypeA,696,18
TypeA,695,18
TypeA,693,18
TypeA,692,18
TypeA,691,18
TypeA,690,18
TypeA,687,18
TypeA,685,18
TypeA,684,18
TypeA,682,18
TypeA,680,18
TypeA,679,18
TypeA,676,18
TypeA,671,18
TypeA,669,18
TypeA,663,18
TypeA,662,18
TypeA,661,18
TypeA,660,18
TypeA,656,18
TypeA,647,18
TypeA,646,18
TypeA,644,18
TypeA,642,18
TypeA,641,18
TypeA,640,18
TypeA,639,18
TypeA,638,18
TypeA,637,18
TypeA,636,18
TypeA,633,18
TypeA,632,18
TypeA,631,18
TypeA,630,18
TypeA,624,18
TypeA,623,18
TypeA,622,18
TypeA,621,18
TypeA,618,18
TypeA,614,18
TypeA,609,18
TypeA,608,18
TypeA,607,18
TypeA,605,18
TypeA,603,18
TypeA,601,18
TypeA,600,18
TypeA,598,18
TypeA,596,18
TypeA,595,18
TypeA,594,18
TypeA,588,18
TypeA,586,18
TypeA,583,18
TypeA,582,18
TypeA,578,18
TypeA,576,18
TypeA,575,18
TypeA,574,18
TypeA,569,18
TypeA,568,18
TypeA,562,18
TypeA,560,18
TypeA,558,18
TypeA,553,18
TypeA,549,18
TypeA,548,18
TypeA,546,18
TypeA,545,18
TypeA,544,18
TypeA,543,18
TypeA,542,18
TypeA,538,18
TypeA,534,18
TypeA,527,18
TypeA,526,18
TypeA,524,18
TypeA,523,18
TypeA,520,18
TypeA,518,18
TypeA,517,18
TypeA,515,18
TypeA,514,18
TypeA,513,18
TypeA,511,18
TypeA,510,18
TypeA,503,18
TypeA,502,18
TypeA,495,18
TypeA,493,18
TypeA,492,18
TypeA,491,18
TypeA,490,18
TypeA,484,18
TypeA,483,18
TypeA,482,18
TypeA,473,18
TypeA,472,18
TypeA,470,18
TypeA,469,18
TypeA,468,18
TypeA,467,18
TypeA,464,18
TypeA,463,18
TypeA,460,18
TypeA,459,18
TypeA,458,18
TypeA,456,18
TypeA,454,18
TypeA,451,18
TypeA,450,18
TypeA,445,18
TypeA,443,18
TypeA,438,18
TypeA,434,18
TypeA,428,18
TypeA,426,18
TypeA,425,18
TypeA,421,18
TypeA,420,18
TypeA,419,18
TypeA,418,18
TypeA,414,18
TypeA,413,18
TypeA,412,18
TypeA,411,18
TypeA,405,18
TypeA,404,18
TypeA,398,18
TypeA,397,18
TypeA,394,18
TypeA,393,18
TypeA,392,18
TypeA,391,18
TypeA,390,18
TypeA,389,18
TypeA,387,18
TypeA,386,18
TypeA,384,18
TypeA,380,18
TypeA,378,18
TypeA,377,18
TypeA,209,18
TypeA,208,18
TypeA,205,18
TypeA,198,18
TypeA,196,18
TypeA,193,18
TypeA,192,18
TypeA,183,18
TypeA,166,18
TypeA,165,18
TypeA,164,18
TypeA,162,18
TypeA,161,18
TypeA,158,18
TypeA,157,18
TypeA,156,18
TypeA,149,18
TypeA,144,18
TypeA,143,18
TypeA,142,18
TypeA,139,18
TypeA,136,18
TypeA,134,18
TypeA,133,18
TypeA,132,18
TypeA,131,18
TypeA,127,18
TypeA,125,18
TypeA,123,18
TypeA,122,18
TypeA,121,18
TypeA,114,18
TypeA,113,18
TypeA,111,18
TypeA,110,18
TypeA,109,18
TypeA,105,18
TypeA,104,18
TypeA,101,18
TypeA,99,18
TypeA,119,18
TypeA,118,18
TypeA,117,18
TypeA,115,18
TypeA,40,18
TypeA,37,18
TypeA,32,18
TypeA,28,18
TypeA,27,18
TypeA,25,18
TypeA,23,18
TypeA,22,18
TypeA,95,18
TypeA,93,18
TypeA,91,18
TypeA,71,18
TypeA,69,18
TypeA,68,18
TypeA,67,18
TypeA,65,18
TypeA,64,18
TypeA,58,18
TypeA,57,18
TypeA,55,18
TypeA,20,18
TypeA,19,18
TypeA,18,18
TypeA,17,18
TypeA,13,18
TypeA,2,18
TypeB,105,28
TypeB,1238,28
TypeB,1633,28
TypeB,2448,28
TypeB,2317,28
TypeB,2200,28
TypeB,2185,28
TypeB,2116,28
TypeB,2110,28
TypeB,1828,28
TypeB,1617,28
TypeB,365,28
TypeB,926,28
TypeB,918,28
TypeB,630,28
TypeB,294,28
TypeB,361,28
TypeB,1,29
TypeB,526,29
TypeB,519,29
TypeB,439,29
TypeB,430,29
TypeB,294,29
TypeB,288,29
TypeB,286,29
TypeB,285,29
TypeB,236,29
TypeB,145,29
TypeB,138,29
TypeB,132,29
TypeB,116,29
TypeB,93,29
TypeB,83,29
TypeB,38,29
TypeB,32,29
TypeB,27,29
TypeB,8,29
TypeB,762,29
TypeB,755,29
TypeB,754,29
TypeB,745,29
TypeB,740,29
TypeB,732,29
TypeB,712,29
TypeB,642,29
TypeB,622,29
TypeB,1057,29
TypeB,1046,29
TypeB,1029,29
TypeB,1021,29
TypeB,997,29
TypeB,993,29
TypeB,926,29
TypeB,922,29
TypeB,906,29
TypeB,1391,29
TypeB,1378,29
TypeB,1375,29
TypeB,1357,29
TypeB,1301,29
TypeB,1256,29
TypeB,1247,29
TypeB,1237,29
TypeB,1234,29
TypeB,2488,29
TypeB,2474,29
TypeB,2351,29
TypeB,2324,29
TypeB,2286,29
TypeB,2284,29
TypeB,2282,29
TypeB,2266,29
TypeB,2262,29
TypeB,2217,29
TypeB,2194,29
TypeB,2121,29
TypeB,2117,29
TypeB,2107,29
TypeB,2097,29
TypeB,2076,29
TypeB,2058,29
TypeB,2037,29
TypeB,2030,29
TypeB,1995,29
TypeB,1979,29
TypeB,1963,29
TypeB,1944,29
TypeB,1940,29
TypeB,1923,29
TypeB,1920,29
TypeB,1865,29
TypeB,1862,29
TypeB,1859,29
TypeB,1831,29
TypeB,1828,29
TypeB,1795,29
TypeB,1790,29
TypeB,1783,29
TypeB,1773,29
TypeB,1693,29
TypeB,1676,29
TypeB,1675,29
TypeB,1671,29
TypeB,1662,29
TypeB,1642,29
TypeB,1602,29
TypeB,1601,29
TypeB,1582,29
TypeB,1548,29
TypeB,1534,29
TypeB,1530,29
TypeB,1502,29
TypeB,1470,29
TypeB,1453,29
TypeB,1393,29
TypeB,1392,29
TypeB,901,29
TypeB,896,29
TypeB,895,29
TypeB,877,29
TypeB,876,29
TypeB,817,29
TypeB,771,29
TypeB,766,29
TypeB,601,29
TypeB,575,29
TypeB,569,29
TypeB,404,29
TypeB,384,29
TypeB,374,29
TypeB,324,29
TypeB,214,29
TypeB,208,29
TypeB,181,29
TypeB,165,29
TypeB,68,1
TypeB,93,1
TypeB,293,1
TypeB,2200,1
TypeB,1483,1
TypeB,1258,1
TypeB,1238,1
TypeB,932,1
TypeB,630,1
TypeB,568,1
TypeB,536,1
TypeB,529,1
TypeB,105,1
TypeB,16,2
TypeB,239,2
TypeB,271,2
TypeB,345,2
TypeB,454,2
TypeB,2459,2
TypeB,2371,2
TypeB,2336,2
TypeB,1558,2
TypeB,1412,2
TypeB,989,2
TypeB,968,2
TypeB,947,2
TypeB,886,2
TypeB,684,2
TypeB,681,2
TypeB,647,2
TypeB,598,2
TypeB,583,2
TypeB,2295,2
TypeB,2294,2
TypeB,2224,2
TypeB,2008,2
TypeB,1978,2
TypeB,1954,2
TypeB,1916,2
TypeB,1769,2
TypeB,1754,2
TypeB,1745,2
TypeB,1729,2
TypeB,1622,2
TypeB,1617,2
TypeB,1613,2
TypeB,1353,2
TypeB,1336,2
TypeB,1316,2
TypeB,1299,2
TypeB,1117,2
TypeB,1060,2
TypeB,1055,2
TypeB,996,2
TypeB,995,2
TypeB,513,2
TypeB,470,2
TypeB,364,2
TypeB,305,2
TypeB,287,2
TypeB,29,2
TypeB,8,4
TypeB,52,4
TypeB,2489,4
TypeB,2481,4
TypeB,2462,4
TypeB,2453,4
TypeB,2451,4
TypeB,2446,4
TypeB,2443,4
TypeB,2385,4
TypeB,2343,4
TypeB,2312,4
TypeB,2278,4
TypeB,2233,4
TypeB,2217,4
TypeB,2213,4
TypeB,2129,4
TypeB,2082,4
TypeB,1966,4
TypeB,1965,4
TypeB,1944,4
TypeB,1921,4
TypeB,1907,4
TypeB,1852,4
TypeB,1729,4
TypeB,1705,4
TypeB,1668,4
TypeB,1639,4
TypeB,1620,4
TypeB,1568,4
TypeB,1527,4
TypeB,1491,4
TypeB,1473,4
TypeB,1451,4
TypeB,1421,4
TypeB,1303,4
TypeB,1272,4
TypeB,1271,4
TypeB,1234,4
TypeB,1178,4
TypeB,1166,4
TypeB,1159,4
TypeB,1158,4
TypeB,1094,4
TypeB,1081,4
TypeB,1055,4
TypeB,972,4
TypeB,920,4
TypeB,898,4
TypeB,856,4
TypeB,849,4
TypeB,845,4
TypeB,797,4
TypeB,766,4
TypeB,744,4
TypeB,732,4
TypeB,647,4
TypeB,642,4
TypeB,510,4
TypeB,503,4
TypeB,464,4
TypeB,460,4
TypeB,456,4
TypeB,418,4
TypeB,409,4
TypeB,396,4
TypeB,377,4
TypeB,361,4
TypeB,329,4
TypeB,328,4
TypeB,321,4
TypeB,289,4
TypeB,287,4
TypeB,184,4
TypeB,113,4
TypeB,104,4
TypeB,97,4
TypeB,58,4
TypeB,57,4
TypeB,13,4
TypeB,22,4
TypeB,8,5
TypeB,65,5
TypeB,574,5
TypeB,524,5
TypeB,321,5
TypeB,304,5
TypeB,290,5
TypeB,251,5
TypeB,160,5
TypeB,125,5
TypeB,118,5
TypeB,115,5
TypeB,108,5
TypeB,979,5
TypeB,961,5
TypeB,932,5
TypeB,920,5
TypeB,900,5
TypeB,895,5
TypeB,891,5
TypeB,889,5
TypeB,888,5
TypeB,2318,5
TypeB,2317,5
TypeB,2301,5
TypeB,2294,5
TypeB,2274,5
TypeB,2270,5
TypeB,2245,5
TypeB,2240,5
TypeB,2233,5
TypeB,2226,5
TypeB,2209,5
TypeB,2194,5
TypeB,2188,5
TypeB,2185,5
TypeB,2178,5
TypeB,2170,5
TypeB,2167,5
TypeB,2149,5
TypeB,2133,5
TypeB,2129,5
TypeB,2112,5
TypeB,2110,5
TypeB,2080,5
TypeB,2079,5
TypeB,2078,5
TypeB,2076,5
TypeB,2066,5
TypeB,2047,5
TypeB,2024,5
TypeB,2012,5
TypeB,2007,5
TypeB,1995,5
TypeB,1985,5
TypeB,1975,5
TypeB,1965,5
TypeB,1955,5
TypeB,1954,5
TypeB,1944,5
TypeB,1943,5
TypeB,1919,5
TypeB,1917,5
TypeB,1899,5
TypeB,1873,5
TypeB,1865,5
TypeB,1845,5
TypeB,1834,5
TypeB,1831,5
TypeB,1821,5
TypeB,1804,5
TypeB,1803,5
TypeB,1802,5
TypeB,1778,5
TypeB,1767,5
TypeB,1764,5
TypeB,1763,5
TypeB,1762,5
TypeB,1732,5
TypeB,1731,5
TypeB,1710,5
TypeB,1678,5
TypeB,1677,5
TypeB,1640,5
TypeB,1617,5
TypeB,1598,5
TypeB,1586,5
TypeB,1557,5
TypeB,1541,5
TypeB,1529,5
TypeB,1528,5
TypeB,1527,5
TypeB,1489,5
TypeB,1470,5
TypeB,1305,5
TypeB,2489,5
TypeB,2459,5
TypeB,2453,5
TypeB,2445,5
TypeB,2410,5
TypeB,2395,5
TypeB,2388,5
TypeB,2385,5
TypeB,2380,5
TypeB,2361,5
TypeB,2360,5
TypeB,2331,5
TypeB,2329,5
TypeB,2322,5
TypeB,1299,5
TypeB,1270,5
TypeB,1264,5
TypeB,1256,5
TypeB,1248,5
TypeB,1229,5
TypeB,1203,5
TypeB,1190,5
TypeB,1379,5
TypeB,1337,5
TypeB,1306,5
TypeB,1187,5
TypeB,1178,5
TypeB,1167,5
TypeB,1146,5
TypeB,1142,5
TypeB,1139,5
TypeB,1134,5
TypeB,1111,5
TypeB,1104,5
TypeB,1087,5
TypeB,1084,5
TypeB,1071,5
TypeB,1069,5
TypeB,1056,5
TypeB,1029,5
TypeB,982,5
TypeB,878,5
TypeB,800,5
TypeB,738,5
TypeB,722,5
TypeB,718,5
TypeB,709,5
TypeB,676,5
TypeB,653,5
TypeB,644,5
TypeB,637,5
TypeB,636,5
TypeB,608,5
TypeB,605,5
TypeB,595,5
TypeB,588,5
TypeB,586,5
TypeB,583,5
TypeB,492,5
TypeB,468,5
TypeB,467,5
TypeB,434,5
TypeB,365,5
TypeB,351,5
TypeB,336,5
TypeB,88,5
TypeB,81,5
TypeB,58,5
TypeB,40,5
TypeB,43,5
TypeB,13,5
TypeB,6,7
TypeB,20,7
TypeB,262,7
TypeB,256,7
TypeB,243,7
TypeB,184,7
TypeB,165,7
TypeB,115,7
TypeB,113,7
TypeB,93,7
TypeB,78,7
TypeB,2317,7
TypeB,2307,7
TypeB,2305,7
TypeB,2296,7
TypeB,2288,7
TypeB,2277,7
TypeB,2270,7
TypeB,2194,7
TypeB,2185,7
TypeB,2178,7
TypeB,2171,7
TypeB,2167,7
TypeB,2162,7
TypeB,2145,7
TypeB,2124,7
TypeB,2111,7
TypeB,1907,7
TypeB,1895,7
TypeB,1862,7
TypeB,1861,7
TypeB,1852,7
TypeB,1845,7
TypeB,1836,7
TypeB,1835,7
TypeB,1807,7
TypeB,1788,7
TypeB,1776,7
TypeB,1764,7
TypeB,1756,7
TypeB,1753,7
TypeB,1752,7
TypeB,1726,7
TypeB,1716,7
TypeB,1694,7
TypeB,1687,7
TypeB,1683,7
TypeB,1677,7
TypeB,1675,7
TypeB,1662,7
TypeB,1582,7
TypeB,1527,7
TypeB,1476,7
TypeB,1475,7
TypeB,1461,7
TypeB,1452,7
TypeB,1445,7
TypeB,1434,7
TypeB,1430,7
TypeB,1406,7
TypeB,1394,7
TypeB,1388,7
TypeB,1379,7
TypeB,1378,7
TypeB,1352,7
TypeB,1336,7
TypeB,1297,7
TypeB,1279,7
TypeB,1264,7
TypeB,1256,7
TypeB,1248,7
TypeB,1246,7
TypeB,1216,7
TypeB,1211,7
TypeB,1186,7
TypeB,1181,7
TypeB,1166,7
TypeB,1138,7
TypeB,1134,7
TypeB,1126,7
TypeB,1111,7
TypeB,1087,7
TypeB,1084,7
TypeB,1081,7
TypeB,1078,7
TypeB,1073,7
TypeB,1066,7
TypeB,1060,7
TypeB,1057,7
TypeB,1053,7
TypeB,1046,7
TypeB,1040,7
TypeB,1032,7
TypeB,1029,7
TypeB,1016,7
TypeB,1004,7
TypeB,997,7
TypeB,979,7
TypeB,968,7
TypeB,965,7
TypeB,2488,7
TypeB,2479,7
TypeB,2462,7
TypeB,2432,7
TypeB,2430,7
TypeB,2424,7
TypeB,2395,7
TypeB,2390,7
TypeB,2367,7
TypeB,2366,7
TypeB,2361,7
TypeB,2360,7
TypeB,2341,7
TypeB,2338,7
TypeB,2337,7
TypeB,2331,7
TypeB,2329,7
TypeB,2318,7
TypeB,2110,7
TypeB,2095,7
TypeB,2088,7
TypeB,2083,7
TypeB,2080,7
TypeB,2079,7
TypeB,2051,7
TypeB,2018,7
TypeB,1995,7
TypeB,1975,7
TypeB,1935,7
TypeB,1924,7
TypeB,1919,7
TypeB,1917,7
TypeB,952,7
TypeB,947,7
TypeB,941,7
TypeB,906,7
TypeB,900,7
TypeB,883,7
TypeB,871,7
TypeB,864,7
TypeB,836,7
TypeB,817,7
TypeB,804,7
TypeB,768,7
TypeB,762,7
TypeB,761,7
TypeB,742,7
TypeB,740,7
TypeB,738,7
TypeB,731,7
TypeB,728,7
TypeB,709,7
TypeB,695,7
TypeB,690,7
TypeB,661,7
TypeB,660,7
TypeB,653,7
TypeB,644,7
TypeB,641,7
TypeB,637,7
TypeB,622,7
TypeB,600,7
TypeB,591,7
TypeB,576,7
TypeB,569,7
TypeB,553,7
TypeB,534,7
TypeB,526,7
TypeB,524,7
TypeB,517,7
TypeB,510,7
TypeB,467,7
TypeB,463,7
TypeB,456,7
TypeB,445,7
TypeB,428,7
TypeB,418,7
TypeB,413,7
TypeB,409,7
TypeB,365,7
TypeB,493,7
TypeB,491,7
TypeB,489,7
TypeB,468,7
TypeB,354,7
TypeB,345,7
TypeB,339,7
TypeB,329,7
TypeB,290,7
TypeB,289,7
TypeB,283,7
TypeB,282,7
TypeB,74,7
TypeB,69,7
TypeB,65,7
TypeB,49,7
TypeB,40,7
TypeB,29,7
TypeB,7,9
TypeB,55,9
TypeB,2500,9
TypeB,2488,9
TypeB,2467,9
TypeB,2462,9
TypeB,2451,9
TypeB,2421,9
TypeB,2419,9
TypeB,2406,9
TypeB,2394,9
TypeB,2379,9
TypeB,2374,9
TypeB,2354,9
TypeB,2330,9
TypeB,2324,9
TypeB,2317,9
TypeB,2312,9
TypeB,2243,9
TypeB,2237,9
TypeB,2235,9
TypeB,2225,9
TypeB,2217,9
TypeB,2209,9
TypeB,2199,9
TypeB,2194,9
TypeB,2178,9
TypeB,2171,9
TypeB,2141,9
TypeB,2121,9
TypeB,2111,9
TypeB,2110,9
TypeB,2107,9
TypeB,2087,9
TypeB,2086,9
TypeB,2068,9
TypeB,2030,9
TypeB,2024,9
TypeB,2013,9
TypeB,1995,9
TypeB,1978,9
TypeB,1975,9
TypeB,1947,9
TypeB,1944,9
TypeB,1928,9
TypeB,1923,9
TypeB,1905,9
TypeB,1872,9
TypeB,1837,9
TypeB,1836,9
TypeB,1831,9
TypeB,1826,9
TypeB,1790,9
TypeB,1773,9
TypeB,1759,9
TypeB,1749,9
TypeB,1722,9
TypeB,1681,9
TypeB,1675,9
TypeB,1663,9
TypeB,1662,9
TypeB,1618,9
TypeB,1602,9
TypeB,1591,9
TypeB,1590,9
TypeB,1534,9
TypeB,1524,9
TypeB,1473,9
TypeB,1454,9
TypeB,1438,9
TypeB,1430,9
TypeB,1429,9
TypeB,1425,9
TypeB,1397,9
TypeB,1394,9
TypeB,1383,9
TypeB,1378,9
TypeB,1370,9
TypeB,1301,9
TypeB,1297,9
TypeB,1287,9
TypeB,1266,9
TypeB,1258,9
TypeB,1216,9
TypeB,1186,9
TypeB,1179,9
TypeB,1175,9
TypeB,1167,9
TypeB,1154,9
TypeB,1113,9
TypeB,1104,9
TypeB,1073,9
TypeB,1069,9
TypeB,1064,9
TypeB,1057,9
TypeB,1053,9
TypeB,1040,9
TypeB,1032,9
TypeB,1029,9
TypeB,1011,9
TypeB,1004,9
TypeB,997,9
TypeB,993,9
TypeB,941,9
TypeB,926,9
TypeB,916,9
TypeB,913,9
TypeB,906,9
TypeB,896,9
TypeB,895,9
TypeB,883,9
TypeB,877,9
TypeB,949,9
TypeB,876,9
TypeB,871,9
TypeB,845,9
TypeB,830,9
TypeB,825,9
TypeB,817,9
TypeB,807,9
TypeB,762,9
TypeB,754,9
TypeB,745,9
TypeB,741,9
TypeB,740,9
TypeB,732,9
TypeB,729,9
TypeB,726,9
TypeB,725,9
TypeB,656,9
TypeB,642,9
TypeB,634,9
TypeB,598,9
TypeB,576,9
TypeB,575,9
TypeB,510,9
TypeB,442,9
TypeB,418,9
TypeB,409,9
TypeB,404,9
TypeB,389,9
TypeB,367,9
TypeB,243,9
TypeB,235,9
TypeB,220,9
TypeB,722,9
TypeB,708,9
TypeB,706,9
TypeB,697,9
TypeB,692,9
TypeB,688,9
TypeB,489,9
TypeB,458,9
TypeB,443,9
TypeB,184,9
TypeB,158,9
TypeB,142,9
TypeB,138,9
TypeB,132,9
TypeB,109,9
TypeB,104,9
TypeB,93,9
TypeB,331,9
TypeB,321,9
TypeB,301,9
TypeB,294,9
TypeB,285,9
TypeB,282,9
TypeB,266,9
TypeB,67,9
TypeB,65,9
TypeB,58,9
TypeB,49,9
TypeB,36,9
TypeB,20,9
TypeB,22,9
TypeB,7,10
TypeB,2500,10
TypeB,2489,10
TypeB,2479,10
TypeB,2475,10
TypeB,2466,10
TypeB,2452,10
TypeB,2421,10
TypeB,2395,10
TypeB,2367,10
TypeB,2360,10
TypeB,2341,10
TypeB,2330,10
TypeB,2322,10
TypeB,2317,10
TypeB,2280,10
TypeB,2245,10
TypeB,2240,10
TypeB,2226,10
TypeB,2185,10
TypeB,2178,10
TypeB,2170,10
TypeB,2167,10
TypeB,2162,10
TypeB,2141,10
TypeB,2139,10
TypeB,2124,10
TypeB,2112,10
TypeB,2095,10
TypeB,2085,10
TypeB,2079,10
TypeB,2076,10
TypeB,2070,10
TypeB,2066,10
TypeB,2047,10
TypeB,2042,10
TypeB,2036,10
TypeB,2012,10
TypeB,2007,10
TypeB,1985,10
TypeB,1965,10
TypeB,1955,10
TypeB,1944,10
TypeB,1943,10
TypeB,1899,10
TypeB,1845,10
TypeB,1803,10
TypeB,1767,10
TypeB,1764,10
TypeB,1763,10
TypeB,1751,10
TypeB,1710,10
TypeB,1640,10
TypeB,1588,10
TypeB,1586,10
TypeB,1577,10
TypeB,1557,10
TypeB,1541,10
TypeB,1535,10
TypeB,1527,10
TypeB,1451,10
TypeB,1405,10
TypeB,1379,10
TypeB,1344,10
TypeB,1337,10
TypeB,1326,10
TypeB,1314,10
TypeB,1305,10
TypeB,1277,10
TypeB,1248,10
TypeB,1229,10
TypeB,1187,10
TypeB,1159,10
TypeB,1154,10
TypeB,1146,10
TypeB,1134,10
TypeB,1131,10
TypeB,1128,10
TypeB,1113,10
TypeB,1111,10
TypeB,1069,10
TypeB,1041,10
TypeB,1025,10
TypeB,998,10
TypeB,989,10
TypeB,982,10
TypeB,978,10
TypeB,972,10
TypeB,955,10
TypeB,889,10
TypeB,888,10
TypeB,806,10
TypeB,800,10
TypeB,788,10
TypeB,761,10
TypeB,718,10
TypeB,714,10
TypeB,709,10
TypeB,676,10
TypeB,653,10
TypeB,637,10
TypeB,636,10
TypeB,608,10
TypeB,605,10
TypeB,588,10
TypeB,586,10
TypeB,574,10
TypeB,569,10
TypeB,468,10
TypeB,463,10
TypeB,437,10
TypeB,411,10
TypeB,381,10
TypeB,351,10
TypeB,345,10
TypeB,290,10
TypeB,285,10
TypeB,108,10
TypeB,77,10
TypeB,58,10
TypeB,13,10
TypeB,43,10
TypeB,8,10
TypeB,13,11
TypeB,101,11
TypeB,105,11
TypeB,358,11
TypeB,304,11
TypeB,262,11
TypeB,253,11
TypeB,232,11
TypeB,196,11
TypeB,157,11
TypeB,156,11
TypeB,144,11
TypeB,115,11
TypeB,113,11
TypeB,2142,11
TypeB,2141,11
TypeB,2129,11
TypeB,2115,11
TypeB,2110,11
TypeB,2097,11
TypeB,2079,11
TypeB,2007,11
TypeB,1985,11
TypeB,1976,11
TypeB,1975,11
TypeB,1955,11
TypeB,1944,11
TypeB,1943,11
TypeB,1930,11
TypeB,1924,11
TypeB,1901,11
TypeB,1892,11
TypeB,1883,11
TypeB,1857,11
TypeB,1852,11
TypeB,1845,11
TypeB,1835,11
TypeB,1833,11
TypeB,1821,11
TypeB,1816,11
TypeB,1795,11
TypeB,1778,11
TypeB,1767,11
TypeB,1763,11
TypeB,1762,11
TypeB,1759,11
TypeB,1754,11
TypeB,1720,11
TypeB,1707,11
TypeB,1705,11
TypeB,1696,11
TypeB,1694,11
TypeB,1677,11
TypeB,1648,11
TypeB,1631,11
TypeB,1617,11
TypeB,1609,11
TypeB,1602,11
TypeB,1557,11
TypeB,1541,11
TypeB,1540,11
TypeB,1536,11
TypeB,1534,11
TypeB,1529,11
TypeB,1528,11
TypeB,1527,11
TypeB,1517,11
TypeB,1489,11
TypeB,1481,11
TypeB,1473,11
TypeB,1470,11
TypeB,1462,11
TypeB,1459,11
TypeB,1451,11
TypeB,1437,11
TypeB,1420,11
TypeB,1379,11
TypeB,1374,11
TypeB,1337,11
TypeB,1326,11
TypeB,1321,11
TypeB,1317,11
TypeB,1314,11
TypeB,1306,11
TypeB,1289,11
TypeB,1282,11
TypeB,1197,11
TypeB,2489,11
TypeB,2479,11
TypeB,2467,11
TypeB,2432,11
TypeB,2427,11
TypeB,2424,11
TypeB,2406,11
TypeB,2395,11
TypeB,2380,11
TypeB,2378,11
TypeB,2376,11
TypeB,2360,11
TypeB,2359,11
TypeB,2345,11
TypeB,2341,11
TypeB,2328,11
TypeB,2318,11
TypeB,2317,11
TypeB,2312,11
TypeB,2296,11
TypeB,2295,11
TypeB,2270,11
TypeB,2264,11
TypeB,2240,11
TypeB,2236,11
TypeB,2228,11
TypeB,2210,11
TypeB,2208,11
TypeB,2207,11
TypeB,2199,11
TypeB,2188,11
TypeB,2178,11
TypeB,2170,11
TypeB,2167,11
TypeB,2154,11
TypeB,1190,11
TypeB,1179,11
TypeB,1169,11
TypeB,1167,11
TypeB,1163,11
TypeB,1145,11
TypeB,1131,11
TypeB,1085,11
TypeB,1248,11
TypeB,1245,11
TypeB,1222,11
TypeB,1203,11
TypeB,1078,11
TypeB,1074,11
TypeB,1045,11
TypeB,1041,11
TypeB,1025,11
TypeB,998,11
TypeB,989,11
TypeB,932,11
TypeB,1128,11
TypeB,1104,11
TypeB,1098,11
TypeB,1091,11
TypeB,1087,11
TypeB,888,11
TypeB,881,11
TypeB,878,11
TypeB,840,11
TypeB,804,11
TypeB,800,11
TypeB,797,11
TypeB,695,11
TypeB,982,11
TypeB,978,11
TypeB,955,11
TypeB,943,11
TypeB,934,11
TypeB,688,11
TypeB,684,11
TypeB,675,11
TypeB,674,11
TypeB,660,11
TypeB,656,11
TypeB,653,11
TypeB,637,11
TypeB,788,11
TypeB,761,11
TypeB,742,11
TypeB,732,11
TypeB,726,11
TypeB,718,11
TypeB,707,11
TypeB,703,11
TypeB,588,11
TypeB,586,11
TypeB,581,11
TypeB,553,11
TypeB,544,11
TypeB,515,11
TypeB,510,11
TypeB,468,11
TypeB,467,11
TypeB,396,11
TypeB,394,11
TypeB,393,11
TypeB,392,11
TypeB,374,11
TypeB,371,11
TypeB,354,11
TypeB,614,11
TypeB,608,11
TypeB,596,11
TypeB,595,11
TypeB,332,11
TypeB,328,11
TypeB,301,11
TypeB,300,11
TypeB,294,11
TypeB,291,11
TypeB,290,11
TypeB,287,11
TypeB,434,11
TypeB,425,11
TypeB,414,11
TypeB,104,11
TypeB,88,11
TypeB,73,11
TypeB,46,11
TypeB,19,11
TypeB,69,11
TypeB,40,11
TypeB,1,12
TypeB,2468,12
TypeB,2462,12
TypeB,2459,12
TypeB,2451,12
TypeB,2430,12
TypeB,2421,12
TypeB,2412,12
TypeB,2374,12
TypeB,2373,12
TypeB,2361,12
TypeB,2351,12
TypeB,2334,12
TypeB,2305,12
TypeB,2284,12
TypeB,2280,12
TypeB,2262,12
TypeB,2261,12
TypeB,2244,12
TypeB,2239,12
TypeB,2237,12
TypeB,2233,12
TypeB,2224,12
TypeB,2203,12
TypeB,2200,12
TypeB,2193,12
TypeB,2190,12
TypeB,2164,12
TypeB,2156,12
TypeB,2147,12
TypeB,2139,12
TypeB,2138,12
TypeB,2134,12
TypeB,2124,12
TypeB,2116,12
TypeB,2109,12
TypeB,2098,12
TypeB,2087,12
TypeB,2086,12
TypeB,2080,12
TypeB,2062,12
TypeB,2055,12
TypeB,2042,12
TypeB,2036,12
TypeB,2019,12
TypeB,2015,12
TypeB,2004,12
TypeB,1966,12
TypeB,1947,12
TypeB,1931,12
TypeB,1917,12
TypeB,1907,12
TypeB,1899,12
TypeB,1865,12
TypeB,1864,12
TypeB,1856,12
TypeB,1837,12
TypeB,1807,12
TypeB,1806,12
TypeB,1804,12
TypeB,1764,12
TypeB,1752,12
TypeB,1751,12
TypeB,1673,12
TypeB,1662,12
TypeB,1653,12
TypeB,1634,12
TypeB,1633,12
TypeB,1620,12
TypeB,1613,12
TypeB,1590,12
TypeB,1555,12
TypeB,1546,12
TypeB,1510,12
TypeB,1494,12
TypeB,1475,12
TypeB,1453,12
TypeB,1445,12
TypeB,1430,12
TypeB,1406,12
TypeB,1397,12
TypeB,1390,12
TypeB,1385,12
TypeB,1370,12
TypeB,1367,12
TypeB,1353,12
TypeB,1316,12
TypeB,1312,12
TypeB,1305,12
TypeB,1296,12
TypeB,1240,12
TypeB,1238,12
TypeB,1229,12
TypeB,1216,12
TypeB,1180,12
TypeB,1146,12
TypeB,1137,12
TypeB,1111,12
TypeB,1094,12
TypeB,1069,12
TypeB,1056,12
TypeB,1039,12
TypeB,1029,12
TypeB,1020,12
TypeB,1014,12
TypeB,997,12
TypeB,993,12
TypeB,972,12
TypeB,942,12
TypeB,923,12
TypeB,909,12
TypeB,895,12
TypeB,891,12
TypeB,876,12
TypeB,873,12
TypeB,871,12
TypeB,868,12
TypeB,857,12
TypeB,849,12
TypeB,845,12
TypeB,844,12
TypeB,842,12
TypeB,825,12
TypeB,806,12
TypeB,805,12
TypeB,786,12
TypeB,776,12
TypeB,768,12
TypeB,762,12
TypeB,745,12
TypeB,743,12
TypeB,725,12
TypeB,712,12
TypeB,702,12
TypeB,700,12
TypeB,687,12
TypeB,676,12
TypeB,663,12
TypeB,647,12
TypeB,591,12
TypeB,573,12
TypeB,568,12
TypeB,472,12
TypeB,412,12
TypeB,408,12
TypeB,389,12
TypeB,376,12
TypeB,265,12
TypeB,636,12
TypeB,612,12
TypeB,601,12
TypeB,263,12
TypeB,219,12
TypeB,209,12
TypeB,198,12
TypeB,162,12
TypeB,143,12
TypeB,133,12
TypeB,131,12
TypeB,458,12
TypeB,454,12
TypeB,437,12
TypeB,418,12
TypeB,317,12
TypeB,72,12
TypeB,68,12
TypeB,58,12
TypeB,52,12
TypeB,29,12
TypeB,8,12
TypeB,7,16
TypeB,88,16
TypeB,2498,16
TypeB,2489,16
TypeB,2488,16
TypeB,2479,16
TypeB,2467,16
TypeB,2462,16
TypeB,2459,16
TypeB,2455,16
TypeB,2432,16
TypeB,2412,16
TypeB,2400,16
TypeB,2395,16
TypeB,2378,16
TypeB,2370,16
TypeB,2366,16
TypeB,2351,16
TypeB,2343,16
TypeB,2324,16
TypeB,2322,16
TypeB,2317,16
TypeB,2300,16
TypeB,2284,16
TypeB,2280,16
TypeB,2279,16
TypeB,2261,16
TypeB,2254,16
TypeB,2248,16
TypeB,2244,16
TypeB,2236,16
TypeB,2233,16
TypeB,2230,16
TypeB,2217,16
TypeB,2207,16
TypeB,2193,16
TypeB,2190,16
TypeB,2184,16
TypeB,2178,16
TypeB,2171,16
TypeB,2086,16
TypeB,2085,16
TypeB,2080,16
TypeB,2076,16
TypeB,2066,16
TypeB,2058,16
TypeB,2056,16
TypeB,2020,16
TypeB,2019,16
TypeB,2017,16
TypeB,1997,16
TypeB,1989,16
TypeB,1985,16
TypeB,1962,16
TypeB,1947,16
TypeB,1914,16
TypeB,1907,16
TypeB,1906,16
TypeB,1901,16
TypeB,1899,16
TypeB,1872,16
TypeB,1869,16
TypeB,1852,16
TypeB,1850,16
TypeB,1835,16
TypeB,1807,16
TypeB,1767,16
TypeB,1764,16
TypeB,1752,16
TypeB,1726,16
TypeB,1693,16
TypeB,1687,16
TypeB,1683,16
TypeB,1673,16
TypeB,1662,16
TypeB,1633,16
TypeB,1618,16
TypeB,1602,16
TypeB,1585,16
TypeB,1580,16
TypeB,1568,16
TypeB,1566,16
TypeB,1541,16
TypeB,1536,16
TypeB,1529,16
TypeB,1505,16
TypeB,1491,16
TypeB,1488,16
TypeB,1445,16
TypeB,1434,16
TypeB,1430,16
TypeB,1428,16
TypeB,1393,16
TypeB,1388,16
TypeB,1379,16
TypeB,1378,16
TypeB,1376,16
TypeB,1364,16
TypeB,1337,16
TypeB,1314,16
TypeB,1263,16
TypeB,1261,16
TypeB,1240,16
TypeB,1228,16
TypeB,1166,16
TypeB,1142,16
TypeB,1117,16
TypeB,1111,16
TypeB,1103,16
TypeB,1091,16
TypeB,1085,16
TypeB,1070,16
TypeB,1064,16
TypeB,2139,16
TypeB,2134,16
TypeB,2115,16
TypeB,2110,16
TypeB,2088,16
TypeB,1029,16
TypeB,1016,16
TypeB,998,16
TypeB,983,16
TypeB,982,16
TypeB,979,16
TypeB,973,16
TypeB,413,16
TypeB,404,16
TypeB,402,16
TypeB,394,16
TypeB,384,16
TypeB,383,16
TypeB,378,16
TypeB,371,16
TypeB,303,16
TypeB,936,16
TypeB,928,16
TypeB,900,16
TypeB,891,16
TypeB,889,16
TypeB,859,16
TypeB,845,16
TypeB,842,16
TypeB,771,16
TypeB,766,16
TypeB,762,16
TypeB,757,16
TypeB,728,16
TypeB,718,16
TypeB,710,16
TypeB,705,16
TypeB,693,16
TypeB,676,16
TypeB,661,16
TypeB,653,16
TypeB,647,16
TypeB,641,16
TypeB,636,16
TypeB,606,16
TypeB,576,16
TypeB,553,16
TypeB,548,16
TypeB,492,16
TypeB,491,16
TypeB,489,16
TypeB,470,16
TypeB,467,16
TypeB,464,16
TypeB,445,16
TypeB,436,16
TypeB,434,16
TypeB,421,16
TypeB,418,16
TypeB,283,16
TypeB,263,16
TypeB,256,16
TypeB,232,16
TypeB,205,16
TypeB,115,16
TypeB,113,16
TypeB,93,16
TypeB,358,16
TypeB,350,16
TypeB,345,16
TypeB,85,16
TypeB,46,16
TypeB,40,16
TypeB,72,16
TypeB,74,16
TypeB,8,17
TypeB,19,17
TypeB,36,17
TypeB,2455,17
TypeB,2448,17
TypeB,2445,17
TypeB,2432,17
TypeB,2378,17
TypeB,2337,17
TypeB,2334,17
TypeB,2331,17
TypeB,2322,17
TypeB,2301,17
TypeB,2284,17
TypeB,2281,17
TypeB,2277,17
TypeB,2274,17
TypeB,2270,17
TypeB,2264,17
TypeB,2261,17
TypeB,2244,17
TypeB,2226,17
TypeB,2221,17
TypeB,2208,17
TypeB,2200,17
TypeB,2198,17
TypeB,2186,17
TypeB,2183,17
TypeB,2170,17
TypeB,2156,17
TypeB,2142,17
TypeB,2075,17
TypeB,2068,17
TypeB,2053,17
TypeB,2029,17
TypeB,2019,17
TypeB,2015,17
TypeB,2004,17
TypeB,1995,17
TypeB,1985,17
TypeB,1976,17
TypeB,1975,17
TypeB,1966,17
TypeB,1947,17
TypeB,1943,17
TypeB,1936,17
TypeB,1919,17
TypeB,1901,17
TypeB,1899,17
TypeB,1873,17
TypeB,1336,17
TypeB,1333,17
TypeB,1291,17
TypeB,1282,17
TypeB,1277,17
TypeB,1216,17
TypeB,1172,17
TypeB,1169,17
TypeB,1167,17
TypeB,1166,17
TypeB,1146,17
TypeB,1142,17
TypeB,1139,17
TypeB,1127,17
TypeB,1104,17
TypeB,1088,17
TypeB,1082,17
TypeB,1078,17
TypeB,1066,17
TypeB,1061,17
TypeB,1060,17
TypeB,1056,17
TypeB,1045,17
TypeB,1041,17
TypeB,1029,17
TypeB,1001,17
TypeB,2500,17
TypeB,2498,17
TypeB,2496,17
TypeB,2494,17
TypeB,2486,17
TypeB,2467,17
TypeB,2459,17
TypeB,982,17
TypeB,979,17
TypeB,971,17
TypeB,968,17
TypeB,961,17
TypeB,957,17
TypeB,949,17
TypeB,946,17
TypeB,936,17
TypeB,934,17
TypeB,931,17
TypeB,929,17
TypeB,918,17
TypeB,896,17
TypeB,893,17
TypeB,881,17
TypeB,878,17
TypeB,863,17
TypeB,806,17
TypeB,803,17
TypeB,800,17
TypeB,790,17
TypeB,766,17
TypeB,748,17
TypeB,745,17
TypeB,742,17
TypeB,718,17
TypeB,707,17
TypeB,703,17
TypeB,695,17
TypeB,679,17
TypeB,676,17
TypeB,674,17
TypeB,663,17
TypeB,660,17
TypeB,656,17
TypeB,618,17
TypeB,608,17
TypeB,591,17
TypeB,574,17
TypeB,568,17
TypeB,518,17
TypeB,517,17
TypeB,510,17
TypeB,493,17
TypeB,472,17
TypeB,421,17
TypeB,418,17
TypeB,409,17
TypeB,391,17
TypeB,389,17
TypeB,386,17
TypeB,371,17
TypeB,367,17
TypeB,334,17
TypeB,301,17
TypeB,285,17
TypeB,283,17
TypeB,256,17
TypeB,218,17
TypeB,208,17
TypeB,196,17
TypeB,193,17
TypeB,164,17
TypeB,2115,17
TypeB,2102,17
TypeB,1833,17
TypeB,1806,17
TypeB,1796,17
TypeB,1795,17
TypeB,1779,17
TypeB,1722,17
TypeB,1703,17
TypeB,1694,17
TypeB,1677,17
TypeB,1653,17
TypeB,1648,17
TypeB,1633,17
TypeB,1631,17
TypeB,1598,17
TypeB,1585,17
TypeB,1581,17
TypeB,1580,17
TypeB,1579,17
TypeB,1566,17
TypeB,1546,17
TypeB,1535,17
TypeB,1511,17
TypeB,1462,17
TypeB,1459,17
TypeB,1453,17
TypeB,1445,17
TypeB,1437,17
TypeB,1420,17
TypeB,1419,17
TypeB,1408,17
TypeB,1397,17
TypeB,1390,17
TypeB,1388,17
TypeB,1378,17
TypeB,1356,17
TypeB,1353,17
TypeB,1352,17
TypeB,1337,17
TypeB,156,17
TypeB,142,17
TypeB,118,17
TypeB,117,17
TypeB,104,17
TypeB,93,17
TypeB,88,17
TypeB,85,17
TypeB,78,17
TypeB,69,17
TypeB,68,17
TypeB,67,17
TypeB,58,17
TypeB,46,17
TypeB,27,17
TypeB,40,19
TypeB,863,19
TypeB,841,19
TypeB,806,19
TypeB,805,19
TypeB,800,19
TypeB,788,19
TypeB,748,19
TypeB,718,19
TypeB,605,19
TypeB,588,19
TypeB,586,19
TypeB,574,19
TypeB,476,19
TypeB,437,19
TypeB,394,19
TypeB,354,19
TypeB,351,19
TypeB,314,19
TypeB,304,19
TypeB,293,19
TypeB,283,19
TypeB,242,19
TypeB,200,19
TypeB,1187,19
TypeB,1180,19
TypeB,1151,19
TypeB,1146,19
TypeB,1097,19
TypeB,1065,19
TypeB,1050,19
TypeB,1041,19
TypeB,1032,19
TypeB,2500,19
TypeB,2479,19
TypeB,2466,19
TypeB,2459,19
TypeB,2455,19
TypeB,2400,19
TypeB,2380,19
TypeB,2367,19
TypeB,2322,19
TypeB,2293,19
TypeB,2289,19
TypeB,2280,19
TypeB,2244,19
TypeB,2240,19
TypeB,2231,19
TypeB,2226,19
TypeB,2178,19
TypeB,2162,19
TypeB,2149,19
TypeB,2129,19
TypeB,2124,19
TypeB,2095,19
TypeB,2080,19
TypeB,2075,19
TypeB,2070,19
TypeB,2065,19
TypeB,2012,19
TypeB,2008,19
TypeB,2007,19
TypeB,1985,19
TypeB,1965,19
TypeB,1961,19
TypeB,1955,19
TypeB,1954,19
TypeB,1950,19
TypeB,1944,19
TypeB,1943,19
TypeB,1901,19
TypeB,1899,19
TypeB,1873,19
TypeB,1869,19
TypeB,1845,19
TypeB,1839,19
TypeB,1821,19
TypeB,1804,19
TypeB,1803,19
TypeB,1793,19
TypeB,1774,19
TypeB,1767,19
TypeB,1764,19
TypeB,1763,19
TypeB,1753,19
TypeB,1752,19
TypeB,1751,19
TypeB,1744,19
TypeB,1710,19
TypeB,1703,19
TypeB,1676,19
TypeB,1599,19
TypeB,1594,19
TypeB,1585,19
TypeB,1537,19
TypeB,1534,19
TypeB,1479,19
TypeB,1475,19
TypeB,1447,19
TypeB,1428,19
TypeB,1418,19
TypeB,1363,19
TypeB,1333,19
TypeB,1330,19
TypeB,1305,19
TypeB,1272,19
TypeB,1270,19
TypeB,1261,19
TypeB,1256,19
TypeB,1229,19
TypeB,1227,19
TypeB,1223,19
TypeB,1203,19
TypeB,1379,19
TypeB,198,19
TypeB,183,19
TypeB,156,19
TypeB,131,19
TypeB,115,19
TypeB,110,19
TypeB,80,19
TypeB,43,19
TypeB,979,19
TypeB,961,19
TypeB,955,19
TypeB,932,19
TypeB,891,19
TypeB,205,19
TypeB,64,19
TypeB,48,19
TypeB,8,21
TypeB,243,21
TypeB,324,21
TypeB,371,21
TypeB,392,21
TypeB,1773,21
TypeB,1726,21
TypeB,1710,21
TypeB,1696,21
TypeB,1662,21
TypeB,1659,21
TypeB,1602,21
TypeB,1582,21
TypeB,1509,21
TypeB,1476,21
TypeB,1468,21
TypeB,1462,21
TypeB,1459,21
TypeB,1366,21
TypeB,1333,21
TypeB,1287,21
TypeB,1256,21
TypeB,1190,21
TypeB,1175,21
TypeB,1057,21
TypeB,1011,21
TypeB,712,21
TypeB,2489,21
TypeB,2462,21
TypeB,2427,21
TypeB,2351,21
TypeB,2266,21
TypeB,2235,21
TypeB,2234,21
TypeB,2226,21
TypeB,2193,21
TypeB,1995,21
TypeB,1975,21
TypeB,1935,21
TypeB,1922,21
TypeB,1864,21
TypeB,1854,21
TypeB,1848,21
TypeB,1837,21
TypeB,1802,21
TypeB,1788,21
TypeB,1783,21
TypeB,707,21
TypeB,706,21
TypeB,697,21
TypeB,670,21
TypeB,600,21
TypeB,517,21
TypeB,513,21
TypeB,445,21
TypeB,909,21
TypeB,898,21
TypeB,849,21
TypeB,825,21
TypeB,383,21
TypeB,328,21
TypeB,317,21
TypeB,40,21
TypeB,18,21
TypeB,113,21
TypeB,1,22
TypeB,19,22
TypeB,2141,22
TypeB,2133,22
TypeB,2131,22
TypeB,2129,22
TypeB,2112,22
TypeB,2100,22
TypeB,2095,22
TypeB,2088,22
TypeB,2087,22
TypeB,2083,22
TypeB,2082,22
TypeB,2030,22
TypeB,2020,22
TypeB,2006,22
TypeB,2004,22
TypeB,1997,22
TypeB,1985,22
TypeB,1966,22
TypeB,1955,22
TypeB,1943,22
TypeB,1936,22
TypeB,1930,22
TypeB,1917,22
TypeB,1906,22
TypeB,1892,22
TypeB,1707,22
TypeB,1694,22
TypeB,1677,22
TypeB,1653,22
TypeB,1642,22
TypeB,1632,22
TypeB,1620,22
TypeB,1613,22
TypeB,1585,22
TypeB,1579,22
TypeB,1556,22
TypeB,1546,22
TypeB,1541,22
TypeB,1536,22
TypeB,1535,22
TypeB,1534,22
TypeB,1528,22
TypeB,1520,22
TypeB,1515,22
TypeB,1506,22
TypeB,1505,22
TypeB,1490,22
TypeB,1489,22
TypeB,1458,22
TypeB,1453,22
TypeB,1336,22
TypeB,1314,22
TypeB,1303,22
TypeB,1299,22
TypeB,1291,22
TypeB,1282,22
TypeB,1272,22
TypeB,1263,22
TypeB,1238,22
TypeB,1228,22
TypeB,1226,22
TypeB,1222,22
TypeB,1179,22
TypeB,1178,22
TypeB,1166,22
TypeB,1158,22
TypeB,1142,22
TypeB,1139,22
TypeB,1134,22
TypeB,1113,22
TypeB,1111,22
TypeB,1098,22
TypeB,1094,22
TypeB,1081,22
TypeB,1078,22
TypeB,920,22
TypeB,908,22
TypeB,900,22
TypeB,896,22
TypeB,895,22
TypeB,889,22
TypeB,888,22
TypeB,878,22
TypeB,876,22
TypeB,2488,22
TypeB,2486,22
TypeB,2485,22
TypeB,2478,22
TypeB,2467,22
TypeB,2459,22
TypeB,2455,22
TypeB,2451,22
TypeB,2450,22
TypeB,2448,22
TypeB,2432,22
TypeB,2424,22
TypeB,2421,22
TypeB,2412,22
TypeB,2400,22
TypeB,2374,22
TypeB,2370,22
TypeB,2369,22
TypeB,2342,22
TypeB,2341,22
TypeB,2337,22
TypeB,2322,22
TypeB,2318,22
TypeB,2314,22
TypeB,2312,22
TypeB,2300,22
TypeB,2295,22
TypeB,2280,22
TypeB,2269,22
TypeB,2264,22
TypeB,2263,22
TypeB,2261,22
TypeB,2260,22
TypeB,2237,22
TypeB,2236,22
TypeB,2233,22
TypeB,2209,22
TypeB,2208,22
TypeB,2200,22
TypeB,2199,22
TypeB,2194,22
TypeB,2190,22
TypeB,2185,22
TypeB,2184,22
TypeB,2170,22
TypeB,2168,22
TypeB,859,22
TypeB,856,22
TypeB,853,22
TypeB,804,22
TypeB,800,22
TypeB,788,22
TypeB,779,22
TypeB,771,22
TypeB,762,22
TypeB,761,22
TypeB,744,22
TypeB,740,22
TypeB,732,22
TypeB,718,22
TypeB,710,22
TypeB,703,22
TypeB,699,22
TypeB,693,22
TypeB,679,22
TypeB,676,22
TypeB,674,22
TypeB,669,22
TypeB,660,22
TypeB,644,22
TypeB,638,22
TypeB,636,22
TypeB,614,22
TypeB,591,22
TypeB,588,22
TypeB,569,22
TypeB,560,22
TypeB,558,22
TypeB,548,22
TypeB,527,22
TypeB,526,22
TypeB,510,22
TypeB,485,22
TypeB,472,22
TypeB,470,22
TypeB,469,22
TypeB,434,22
TypeB,428,22
TypeB,425,22
TypeB,409,22
TypeB,400,22
TypeB,321,22
TypeB,305,22
TypeB,294,22
TypeB,276,22
TypeB,256,22
TypeB,248,22
TypeB,239,22
TypeB,198,22
TypeB,196,22
TypeB,192,22
TypeB,156,22
TypeB,464,22
TypeB,389,22
TypeB,380,22
TypeB,377,22
TypeB,376,22
TypeB,374,22
TypeB,361,22
TypeB,358,22
TypeB,354,22
TypeB,2366,22
TypeB,1836,22
TypeB,1834,22
TypeB,1833,22
TypeB,1824,22
TypeB,1822,22
TypeB,1807,22
TypeB,1804,22
TypeB,1803,22
TypeB,1795,22
TypeB,1785,22
TypeB,1778,22
TypeB,1777,22
TypeB,1776,22
TypeB,1769,22
TypeB,1767,22
TypeB,1764,22
TypeB,1752,22
TypeB,1749,22
TypeB,1720,22
TypeB,1451,22
TypeB,1437,22
TypeB,1434,22
TypeB,1421,22
TypeB,1419,22
TypeB,1397,22
TypeB,1396,22
TypeB,1393,22
TypeB,1391,22
TypeB,1390,22
TypeB,1388,22
TypeB,1385,22
TypeB,1379,22
TypeB,1376,22
TypeB,1375,22
TypeB,1370,22
TypeB,1367,22
TypeB,1353,22
TypeB,1349,22
TypeB,1337,22
TypeB,1074,22
TypeB,1070,22
TypeB,1066,22
TypeB,1041,22
TypeB,1032,22
TypeB,1029,22
TypeB,1024,22
TypeB,1020,22
TypeB,1014,22
TypeB,998,22
TypeB,982,22
TypeB,979,22
TypeB,976,22
TypeB,972,22
TypeB,968,22
TypeB,961,22
TypeB,956,22
TypeB,955,22
TypeB,949,22
TypeB,934,22
TypeB,932,22
TypeB,149,22
TypeB,143,22
TypeB,134,22
TypeB,125,22
TypeB,117,22
TypeB,97,22
TypeB,88,22
TypeB,68,22
TypeB,217,22
TypeB,209,22
TypeB,208,22
TypeB,67,22
TypeB,58,22
TypeB,52,22
TypeB,46,22
TypeB,22,22
TypeB,20,22
TypeB,13,22
TypeB,1,23
TypeB,418,23
TypeB,412,23
TypeB,400,23
TypeB,345,23
TypeB,334,23
TypeB,328,23
TypeB,324,23
TypeB,301,23
TypeB,283,23
TypeB,263,23
TypeB,243,23
TypeB,219,23
TypeB,762,23
TypeB,755,23
TypeB,745,23
TypeB,744,23
TypeB,722,23
TypeB,718,23
TypeB,707,23
TypeB,703,23
TypeB,591,23
TypeB,2489,23
TypeB,2479,23
TypeB,2459,23
TypeB,2427,23
TypeB,2421,23
TypeB,2407,23
TypeB,2393,23
TypeB,2378,23
TypeB,2374,23
TypeB,2367,23
TypeB,2360,23
TypeB,2354,23
TypeB,2351,23
TypeB,2334,23
TypeB,2317,23
TypeB,2312,23
TypeB,2307,23
TypeB,2300,23
TypeB,2284,23
TypeB,2280,23
TypeB,2270,23
TypeB,2266,23
TypeB,2233,23
TypeB,2225,23
TypeB,2207,23
TypeB,2199,23
TypeB,2198,23
TypeB,2193,23
TypeB,2185,23
TypeB,2171,23
TypeB,2156,23
TypeB,2141,23
TypeB,2139,23
TypeB,2133,23
TypeB,2116,23
TypeB,2112,23
TypeB,2110,23
TypeB,2086,23
TypeB,2085,23
TypeB,2083,23
TypeB,2070,23
TypeB,2004,23
TypeB,1985,23
TypeB,1975,23
TypeB,1962,23
TypeB,1955,23
TypeB,1944,23
TypeB,1937,23
TypeB,1917,23
TypeB,1901,23
TypeB,1899,23
TypeB,1877,23
TypeB,1873,23
TypeB,1872,23
TypeB,1854,23
TypeB,1850,23
TypeB,1837,23
TypeB,1831,23
TypeB,1823,23
TypeB,1820,23
TypeB,1783,23
TypeB,1764,23
TypeB,1726,23
TypeB,1710,23
TypeB,1693,23
TypeB,1677,23
TypeB,1676,23
TypeB,1662,23
TypeB,1659,23
TypeB,1653,23
TypeB,1633,23
TypeB,1598,23
TypeB,1591,23
TypeB,1590,23
TypeB,1536,23
TypeB,1534,23
TypeB,1527,23
TypeB,1509,23
TypeB,1501,23
TypeB,1489,23
TypeB,1473,23
TypeB,1453,23
TypeB,1445,23
TypeB,2366,23
TypeB,1434,23
TypeB,1430,23
TypeB,1425,23
TypeB,1406,23
TypeB,1376,23
TypeB,1375,23
TypeB,1367,23
TypeB,1272,23
TypeB,1257,23
TypeB,1216,23
TypeB,1197,23
TypeB,1179,23
TypeB,1142,23
TypeB,1103,23
TypeB,1060,23
TypeB,1057,23
TypeB,1352,23
TypeB,1349,23
TypeB,1337,23
TypeB,1333,23
TypeB,1326,23
TypeB,1303,23
TypeB,1299,23
TypeB,1042,23
TypeB,1040,23
TypeB,1016,23
TypeB,993,23
TypeB,989,23
TypeB,982,23
TypeB,979,23
TypeB,936,23
TypeB,929,23
TypeB,909,23
TypeB,906,23
TypeB,896,23
TypeB,889,23
TypeB,888,23
TypeB,879,23
TypeB,876,23
TypeB,973,23
TypeB,961,23
TypeB,868,23
TypeB,859,23
TypeB,857,23
TypeB,853,23
TypeB,845,23
TypeB,816,23
TypeB,807,23
TypeB,800,23
TypeB,578,23
TypeB,540,23
TypeB,503,23
TypeB,469,23
TypeB,392,23
TypeB,389,23
TypeB,384,23
TypeB,371,23
TypeB,693,23
TypeB,679,23
TypeB,669,23
TypeB,601,23
TypeB,598,23
TypeB,161,23
TypeB,149,23
TypeB,125,23
TypeB,113,23
TypeB,99,23
TypeB,88,23
TypeB,68,23
TypeB,67,23
TypeB,58,23
TypeB,56,23
TypeB,46,23
TypeB,39,23
TypeB,13,23
TypeB,31,23
TypeB,20,23
TypeB,19,25
TypeB,2139,25
TypeB,2116,25
TypeB,2115,25
TypeB,2087,25
TypeB,2075,25
TypeB,2019,25
TypeB,2017,25
TypeB,2007,25
TypeB,1995,25
TypeB,1975,25
TypeB,1955,25
TypeB,1944,25
TypeB,1924,25
TypeB,1917,25
TypeB,1901,25
TypeB,1707,25
TypeB,1694,25
TypeB,1677,25
TypeB,1633,25
TypeB,1631,25
TypeB,1630,25
TypeB,1598,25
TypeB,1579,25
TypeB,1546,25
TypeB,1541,25
TypeB,1536,25
TypeB,1535,25
TypeB,1534,25
TypeB,1527,25
TypeB,1520,25
TypeB,1510,25
TypeB,1506,25
TypeB,1489,25
TypeB,1464,25
TypeB,1453,25
TypeB,1430,25
TypeB,1421,25
TypeB,1412,25
TypeB,1396,25
TypeB,1388,25
TypeB,1379,25
TypeB,1367,25
TypeB,1354,25
TypeB,1353,25
TypeB,1349,25
TypeB,1336,25
TypeB,1326,25
TypeB,1229,25
TypeB,1227,25
TypeB,1226,25
TypeB,1222,25
TypeB,1216,25
TypeB,1206,25
TypeB,1188,25
TypeB,1179,25
TypeB,1111,25
TypeB,1085,25
TypeB,979,25
TypeB,973,25
TypeB,955,25
TypeB,932,25
TypeB,909,25
TypeB,888,25
TypeB,878,25
TypeB,864,25
TypeB,845,25
TypeB,842,25
TypeB,825,25
TypeB,800,25
TypeB,788,25
TypeB,786,25
TypeB,771,25
TypeB,762,25
TypeB,761,25
TypeB,745,25
TypeB,744,25
TypeB,742,25
TypeB,728,25
TypeB,725,25
TypeB,718,25
TypeB,712,25
TypeB,710,25
TypeB,707,25
TypeB,703,25
TypeB,702,25
TypeB,699,25
TypeB,675,25
TypeB,647,25
TypeB,641,25
TypeB,618,25
TypeB,614,25
TypeB,600,25
TypeB,591,25
TypeB,575,25
TypeB,574,25
TypeB,567,25
TypeB,538,25
TypeB,513,25
TypeB,510,25
TypeB,485,25
TypeB,472,25
TypeB,464,25
TypeB,456,25
TypeB,418,25
TypeB,400,25
TypeB,392,25
TypeB,389,25
TypeB,386,25
TypeB,380,25
TypeB,371,25
TypeB,367,25
TypeB,361,25
TypeB,358,25
TypeB,342,25
TypeB,304,25
TypeB,301,25
TypeB,283,25
TypeB,256,25
TypeB,253,25
TypeB,248,25
TypeB,242,25
TypeB,232,25
TypeB,230,25
TypeB,198,25
TypeB,196,25
TypeB,192,25
TypeB,136,25
TypeB,101,25
TypeB,88,25
TypeB,72,25
TypeB,2489,25
TypeB,2486,25
TypeB,2479,25
TypeB,2467,25
TypeB,2446,25
TypeB,2437,25
TypeB,2432,25
TypeB,2427,25
TypeB,2421,25
TypeB,2412,25
TypeB,2400,25
TypeB,2378,25
TypeB,2372,25
TypeB,2360,25
TypeB,2337,25
TypeB,2334,25
TypeB,2328,25
TypeB,2322,25
TypeB,2318,25
TypeB,2317,25
TypeB,2296,25
TypeB,2284,25
TypeB,2280,25
TypeB,2275,25
TypeB,2270,25
TypeB,2264,25
TypeB,2240,25
TypeB,2224,25
TypeB,2194,25
TypeB,2193,25
TypeB,2190,25
TypeB,2186,25
TypeB,2168,25
TypeB,1856,25
TypeB,1835,25
TypeB,1821,25
TypeB,1820,25
TypeB,1807,25
TypeB,1804,25
TypeB,1795,25
TypeB,1764,25
TypeB,1762,25
TypeB,1754,25
TypeB,1753,25
TypeB,1732,25
TypeB,1720,25
TypeB,1074,25
TypeB,1066,25
TypeB,1040,25
TypeB,1029,25
TypeB,1024,25
TypeB,1014,25
TypeB,998,25
TypeB,982,25
TypeB,67,25
TypeB,49,25
TypeB,31,24
TypeB,149,24
TypeB,332,24
TypeB,371,24
TypeB,518,24
TypeB,553,24
TypeB,766,24
TypeB,706,24
TypeB,690,24
TypeB,676,24
TypeB,670,24
TypeB,661,24
TypeB,644,24
TypeB,636,24
TypeB,575,24
TypeB,1085,24
TypeB,1067,24
TypeB,1046,24
TypeB,1007,24
TypeB,982,24
TypeB,968,24
TypeB,934,24
TypeB,932,24
TypeB,909,24
TypeB,1545,24
TypeB,1534,24
TypeB,1527,24
TypeB,1509,24
TypeB,1489,24
TypeB,1479,24
TypeB,1453,24
TypeB,1391,24
TypeB,1363,24
TypeB,1707,24
TypeB,1662,24
TypeB,1659,24
TypeB,1653,24
TypeB,1648,24
TypeB,1630,24
TypeB,1627,24
TypeB,1620,24
TypeB,1353,24
TypeB,1279,24
TypeB,1277,24
TypeB,1272,24
TypeB,1264,24
TypeB,1263,24
TypeB,1261,24
TypeB,1110,24
TypeB,900,24
TypeB,884,24
TypeB,883,24
TypeB,881,24
TypeB,859,24
TypeB,840,24
TypeB,831,24
TypeB,816,24
TypeB,2489,24
TypeB,2467,24
TypeB,2448,24
TypeB,2445,24
TypeB,2416,24
TypeB,2341,24
TypeB,2337,24
TypeB,2334,24
TypeB,2328,24
TypeB,2275,24
TypeB,2266,24
TypeB,2252,24
TypeB,2186,24
TypeB,2134,24
TypeB,2094,24
TypeB,2088,24
TypeB,2053,24
TypeB,2043,24
TypeB,2030,24
TypeB,2019,24
TypeB,2015,24
TypeB,2004,24
TypeB,1939,24
TypeB,1937,24
TypeB,1935,24
TypeB,1914,24
TypeB,1906,24
TypeB,1872,24
TypeB,1856,24
TypeB,1845,24
TypeB,1823,24
TypeB,1820,24
TypeB,1816,24
TypeB,1815,24
TypeB,1814,24
TypeB,1803,24
TypeB,526,24
TypeB,511,24
TypeB,361,24
TypeB,232,24
TypeB,198,24
TypeB,164,24
TypeB,49,24
TypeC,304,27
TypeC,778,27
TypeC,480,27
TypeC,2328,27
TypeC,2317,27
TypeC,2263,27
TypeC,2200,27
TypeC,2185,27
TypeC,1917,27
TypeC,1733,27
TypeC,1238,27
TypeC,718,27
TypeC,98,3
TypeC,718,3
TypeC,1590,3
TypeC,2427,3
TypeC,2305,3
TypeC,1917,3
TypeC,1828,3
TypeC,1633,3
TypeC,1130,3
TypeC,926,3
TypeC,693,3
TypeC,676,3
TypeC,3,14
TypeC,156,14
TypeC,127,14
TypeC,125,14
TypeC,117,14
TypeC,115,14
TypeC,104,14
TypeC,95,14
TypeC,93,14
TypeC,88,14
TypeC,2496,14
TypeC,2489,14
TypeC,2488,14
TypeC,2484,14
TypeC,2467,14
TypeC,2459,14
TypeC,2452,14
TypeC,2448,14
TypeC,2432,14
TypeC,2427,14
TypeC,2425,14
TypeC,2412,14
TypeC,2395,14
TypeC,2378,14
TypeC,2366,14
TypeC,2361,14
TypeC,2360,14
TypeC,2351,14
TypeC,2345,14
TypeC,2341,14
TypeC,2337,14
TypeC,2334,14
TypeC,2330,14
TypeC,2328,14
TypeC,2318,14
TypeC,2317,14
TypeC,2307,14
TypeC,2300,14
TypeC,2299,14
TypeC,2296,14
TypeC,2295,14
TypeC,2284,14
TypeC,2277,14
TypeC,2270,14
TypeC,2264,14
TypeC,2243,14
TypeC,2240,14
TypeC,2235,14
TypeC,2234,14
TypeC,2233,14
TypeC,2226,14
TypeC,2210,14
TypeC,2208,14
TypeC,2190,14
TypeC,2184,14
TypeC,2178,14
TypeC,2170,14
TypeC,2167,14
TypeC,2139,14
TypeC,2133,14
TypeC,2131,14
TypeC,2115,14
TypeC,2085,14
TypeC,2062,14
TypeC,2019,14
TypeC,2017,14
TypeC,2004,14
TypeC,1976,14
TypeC,1975,14
TypeC,1955,14
TypeC,1929,14
TypeC,1927,14
TypeC,1924,14
TypeC,1917,14
TypeC,1907,14
TypeC,1906,14
TypeC,1901,14
TypeC,1899,14
TypeC,1894,14
TypeC,1892,14
TypeC,1869,14
TypeC,1845,14
TypeC,1823,14
TypeC,1803,14
TypeC,1797,14
TypeC,1778,14
TypeC,1767,14
TypeC,1764,14
TypeC,1762,14
TypeC,1752,14
TypeC,1720,14
TypeC,1716,14
TypeC,1705,14
TypeC,1653,14
TypeC,1633,14
TypeC,1631,14
TypeC,1620,14
TypeC,1599,14
TypeC,1598,14
TypeC,1590,14
TypeC,1577,14
TypeC,1558,14
TypeC,1556,14
TypeC,1541,14
TypeC,1536,14
TypeC,1529,14
TypeC,1527,14
TypeC,1517,14
TypeC,1515,14
TypeC,1489,14
TypeC,1453,14
TypeC,1446,14
TypeC,1445,14
TypeC,1437,14
TypeC,1430,14
TypeC,1344,14
TypeC,1326,14
TypeC,1312,14
TypeC,1306,14
TypeC,1284,14
TypeC,1282,14
TypeC,1272,14
TypeC,1236,14
TypeC,1234,14
TypeC,1229,14
TypeC,1226,14
TypeC,1206,14
TypeC,1167,14
TypeC,1166,14
TypeC,1145,14
TypeC,1142,14
TypeC,1128,14
TypeC,1111,14
TypeC,1094,14
TypeC,1081,14
TypeC,1078,14
TypeC,1056,14
TypeC,1050,14
TypeC,1042,14
TypeC,1024,14
TypeC,998,14
TypeC,997,14
TypeC,982,14
TypeC,975,14
TypeC,973,14
TypeC,949,14
TypeC,942,14
TypeC,909,14
TypeC,889,14
TypeC,888,14
TypeC,878,14
TypeC,876,14
TypeC,859,14
TypeC,845,14
TypeC,840,14
TypeC,816,14
TypeC,800,14
TypeC,788,14
TypeC,786,14
TypeC,776,14
TypeC,771,14
TypeC,766,14
TypeC,742,14
TypeC,738,14
TypeC,727,14
TypeC,712,14
TypeC,709,14
TypeC,707,14
TypeC,695,14
TypeC,676,14
TypeC,674,14
TypeC,660,14
TypeC,653,14
TypeC,647,14
TypeC,641,14
TypeC,636,14
TypeC,623,14
TypeC,600,14
TypeC,597,14
TypeC,588,14
TypeC,586,14
TypeC,574,14
TypeC,560,14
TypeC,553,14
TypeC,541,14
TypeC,526,14
TypeC,503,14
TypeC,495,14
TypeC,492,14
TypeC,472,14
TypeC,464,14
TypeC,456,14
TypeC,437,14
TypeC,434,14
TypeC,408,14
TypeC,397,14
TypeC,389,14
TypeC,381,14
TypeC,380,14
TypeC,376,14
TypeC,374,14
TypeC,371,14
TypeC,358,14
TypeC,306,14
TypeC,262,14
TypeC,256,14
TypeC,253,14
TypeC,239,14
TypeC,235,14
TypeC,223,14
TypeC,212,14
TypeC,210,14
TypeC,198,14
TypeC,301,14
TypeC,291,14
TypeC,276,14
TypeC,265,14
TypeC,81,14
TypeC,69,14
TypeC,68,14
TypeC,40,14
TypeC,28,14
TypeC,19,14
TypeC,14,14
TypeC,1,20
TypeC,125,20
TypeC,115,20
TypeC,113,20
TypeC,104,20
TypeC,95,20
TypeC,88,20
TypeC,85,20
TypeC,72,20
TypeC,46,20
TypeC,2500,20
TypeC,2337,20
TypeC,2334,20
TypeC,2328,20
TypeC,2318,20
TypeC,2317,20
TypeC,2307,20
TypeC,2305,20
TypeC,2296,20
TypeC,2295,20
TypeC,2279,20
TypeC,2277,20
TypeC,2264,20
TypeC,2261,20
TypeC,2240,20
TypeC,2226,20
TypeC,2224,20
TypeC,2222,20
TypeC,2209,20
TypeC,2208,20
TypeC,2207,20
TypeC,2178,20
TypeC,2170,20
TypeC,2144,20
TypeC,2139,20
TypeC,2131,20
TypeC,2095,20
TypeC,2088,20
TypeC,2085,20
TypeC,2070,20
TypeC,2065,20
TypeC,2056,20
TypeC,2042,20
TypeC,2020,20
TypeC,2019,20
TypeC,2017,20
TypeC,2015,20
TypeC,2007,20
TypeC,2004,20
TypeC,1995,20
TypeC,1976,20
TypeC,1975,20
TypeC,1947,20
TypeC,1946,20
TypeC,1936,20
TypeC,1924,20
TypeC,1919,20
TypeC,1916,20
TypeC,1907,20
TypeC,1899,20
TypeC,1892,20
TypeC,1869,20
TypeC,1835,20
TypeC,1823,20
TypeC,1803,20
TypeC,1797,20
TypeC,1767,20
TypeC,1765,20
TypeC,1764,20
TypeC,1762,20
TypeC,1759,20
TypeC,1758,20
TypeC,1749,20
TypeC,1740,20
TypeC,1720,20
TypeC,1540,20
TypeC,1535,20
TypeC,1529,20
TypeC,1528,20
TypeC,1515,20
TypeC,1510,20
TypeC,1489,20
TypeC,1481,20
TypeC,1453,20
TypeC,2341,20
TypeC,1451,20
TypeC,1434,20
TypeC,1430,20
TypeC,1428,20
TypeC,1419,20
TypeC,1412,20
TypeC,1379,20
TypeC,1378,20
TypeC,1376,20
TypeC,1337,20
TypeC,1333,20
TypeC,1326,20
TypeC,1316,20
TypeC,1314,20
TypeC,1299,20
TypeC,1279,20
TypeC,1277,20
TypeC,1264,20
TypeC,1234,20
TypeC,1226,20
TypeC,1217,20
TypeC,1216,20
TypeC,1206,20
TypeC,1190,20
TypeC,1167,20
TypeC,1166,20
TypeC,1163,20
TypeC,1160,20
TypeC,1146,20
TypeC,1145,20
TypeC,1142,20
TypeC,1134,20
TypeC,1131,20
TypeC,1094,20
TypeC,1081,20
TypeC,1073,20
TypeC,1069,20
TypeC,1064,20
TypeC,1058,20
TypeC,1056,20
TypeC,1042,20
TypeC,1029,20
TypeC,1024,20
TypeC,1014,20
TypeC,998,20
TypeC,997,20
TypeC,988,20
TypeC,983,20
TypeC,982,20
TypeC,973,20
TypeC,949,20
TypeC,942,20
TypeC,936,20
TypeC,931,20
TypeC,909,20
TypeC,889,20
TypeC,888,20
TypeC,876,20
TypeC,868,20
TypeC,845,20
TypeC,842,20
TypeC,806,20
TypeC,788,20
TypeC,786,20
TypeC,2489,20
TypeC,2484,20
TypeC,2479,20
TypeC,2467,20
TypeC,2459,20
TypeC,2448,20
TypeC,2445,20
TypeC,2432,20
TypeC,2427,20
TypeC,2412,20
TypeC,2400,20
TypeC,2395,20
TypeC,2386,20
TypeC,2381,20
TypeC,2378,20
TypeC,2366,20
TypeC,2364,20
TypeC,2361,20
TypeC,2360,20
TypeC,2351,20
TypeC,1703,20
TypeC,1694,20
TypeC,1693,20
TypeC,1677,20
TypeC,1653,20
TypeC,1648,20
TypeC,1620,20
TypeC,1599,20
TypeC,1598,20
TypeC,1577,20
TypeC,1566,20
TypeC,1545,20
TypeC,771,20
TypeC,742,20
TypeC,726,20
TypeC,712,20
TypeC,709,20
TypeC,703,20
TypeC,699,20
TypeC,695,20
TypeC,693,20
TypeC,679,20
TypeC,676,20
TypeC,674,20
TypeC,660,20
TypeC,647,20
TypeC,641,20
TypeC,618,20
TypeC,600,20
TypeC,591,20
TypeC,560,20
TypeC,553,20
TypeC,517,20
TypeC,511,20
TypeC,498,20
TypeC,495,20
TypeC,492,20
TypeC,472,20
TypeC,464,20
TypeC,456,20
TypeC,454,20
TypeC,438,20
TypeC,434,20
TypeC,392,20
TypeC,380,20
TypeC,374,20
TypeC,371,20
TypeC,369,20
TypeC,367,20
TypeC,358,20
TypeC,351,20
TypeC,338,20
TypeC,332,20
TypeC,329,20
TypeC,305,20
TypeC,301,20
TypeC,291,20
TypeC,290,20
TypeC,276,20
TypeC,262,20
TypeC,256,20
TypeC,253,20
TypeC,239,20
TypeC,223,20
TypeC,210,20
TypeC,198,20
TypeC,127,20
TypeC,13,20
TypeC,425,20
TypeC,421,20
TypeC,413,20
TypeC,411,20
TypeC,397,20
TypeC,19,20
TypeC,14,20
TypeC,40,6
TypeC,2498,6
TypeC,2489,6
TypeC,2479,6
TypeC,2322,6
TypeC,2318,6
TypeC,2280,6
TypeC,2199,6
TypeC,2162,6
TypeC,2116,6
TypeC,2115,6
TypeC,2076,6
TypeC,2024,6
TypeC,1966,6
TypeC,1917,6
TypeC,1835,6
TypeC,1823,6
TypeC,1821,6
TypeC,1807,6
TypeC,1788,6
TypeC,1778,6
TypeC,1776,6
TypeC,1687,6
TypeC,1557,6
TypeC,1534,6
TypeC,1527,6
TypeC,1491,6
TypeC,1453,6
TypeC,1430,6
TypeC,1378,6
TypeC,1314,6
TypeC,1312,6
TypeC,1272,6
TypeC,1247,6
TypeC,1216,6
TypeC,1166,6
TypeC,1078,6
TypeC,1070,6
TypeC,1015,6
TypeC,997,6
TypeC,993,6
TypeC,983,6
TypeC,979,6
TypeC,973,6
TypeC,936,6
TypeC,934,6
TypeC,920,6
TypeC,889,6
TypeC,856,6
TypeC,825,6
TypeC,816,6
TypeC,766,6
TypeC,669,6
TypeC,623,6
TypeC,576,6
TypeC,510,6
TypeC,492,6
TypeC,489,6
TypeC,421,6
TypeC,113,6
TypeC,334,6
TypeC,262,6
TypeC,88,6
TypeC,157,6
TypeC,72,6
TypeC,143,15
TypeC,281,15
TypeC,543,15
TypeC,1017,15
TypeC,1103,15
TypeC,1820,15
TypeC,2134,15
TypeC,2324,15
TypeC,2484,15
TypeC,2341,15
TypeC,2194,15
TypeC,1914,15
TypeC,1803,15
TypeC,1082,15
TypeC,942,15
TypeC,855,15
TypeC,334,15
